account_id,mule_risk_score,predicted_mule_flag,risk_band,model_confidence,predicted_mule_typology,predicted_mule_category,category_probabilities_json,typology_confidence,category_prob_layering_mule,anomaly_score,anomaly_flag,graph_cluster_id,cluster_size,suspicious_neighbor_count,shared_device_links,graph_degree,graph_pagerank,graph_risk_score,top_drivers,supporting_signals,investigator_explanation
ACC00006351,0.9999707301939568,1,High Risk,0.9999707301939568,layering_mule,layering_mule,"{""layering_mule"": 0.9999707301939565, ""missing"": 2.926980604347868e-05}",0.9999707301939564,0.9999707301939564,0.8672771642289658,1,RING-0001,341,4,0,6,8.105040094282536e-05,0.415201831451738,"typology available flag, txn count 30d",typology available flag | txn count 30d | rapid outflow count 30d,"Why this account is risky: typology available flag, txn count 30d, rapid outflow count 30d."
ACC00000415,0.9999707301939568,1,High Risk,0.9999707301939568,layering_mule,layering_mule,"{""layering_mule"": 0.9999707301939565, ""missing"": 2.926980604347868e-05}",0.9999707301939564,0.9999707301939564,0.8640097493244101,1,RING-0001,341,7,0,10,0.0001172805997977,0.5165685823511231,"typology available flag, txn count 30d",typology available flag | txn count 30d | rapid outflow count 30d,"Why this account is risky: typology available flag, txn count 30d, rapid outflow count 30d."
ACC00005480,0.9999707301939568,1,High Risk,0.9999707301939568,layering_mule,layering_mule,"{""layering_mule"": 0.9999707301939565, ""missing"": 2.926980604347868e-05}",0.9999707301939564,0.9999707301939564,0.8672771642289658,1,RING-0439,1,1,0,4,8.369512006095296e-05,0.0572475491539243,"typology available flag, txn count 30d",typology available flag | txn count 30d | rapid outflow count 30d,"Why this account is risky: typology available flag, txn count 30d, rapid outflow count 30d."
ACC00002992,0.9999707301939568,1,High Risk,0.9999707301939568,layering_mule,layering_mule,"{""layering_mule"": 0.9999707301939565, ""missing"": 2.926980604347868e-05}",0.9999707301939564,0.9999707301939564,0.9266066364439602,1,RING-0001,341,5,0,7,0.0001088830891575,0.4489997943150852,"typology available flag, txn count 30d",typology available flag | txn count 30d | rapid outflow count 30d,"Why this account is risky: typology available flag, txn count 30d, rapid outflow count 30d."
ACC00007814,0.9999707301939568,1,High Risk,0.9999707301939568,layering_mule,layering_mule,"{""layering_mule"": 0.9999707301939565, ""missing"": 2.926980604347868e-05}",0.9999707301939564,0.9999707301939564,0.9341996418640774,1,RING-0025,1,4,0,8,0.0001495200855172,0.1586438948199108,"typology available flag, txn count 30d",typology available flag | txn count 30d | rapid outflow count 30d,"Why this account is risky: typology available flag, txn count 30d, rapid outflow count 30d."
ACC00009584,0.9999707301939568,1,High Risk,0.9999707301939568,layering_mule,layering_mule,"{""layering_mule"": 0.9999707301939565, ""missing"": 2.926980604347868e-05}",0.9999707301939564,0.9999707301939564,0.9458363709343752,1,RING-0022,2,3,0,4,7.688517553833978e-05,0.1480740725427351,"typology available flag, txn count 30d",typology available flag | txn count 30d | rapid outflow count 30d,"Why this account is risky: typology available flag, txn count 30d, rapid outflow count 30d."
ACC00005468,0.9999707301939568,1,High Risk,0.9999707301939568,layering_mule,layering_mule,"{""layering_mule"": 0.9999707301939565, ""missing"": 2.926980604347868e-05}",0.9999707301939564,0.9999707301939564,0.9102604873676062,1,RING-0438,1,1,0,4,8.369512006095296e-05,0.0572475491539243,"typology available flag, txn count 30d",typology available flag | txn count 30d | rapid outflow count 30d,"Why this account is risky: typology available flag, txn count 30d, rapid outflow count 30d."
ACC00007812,0.9999707301939568,1,High Risk,0.9999707301939568,layering_mule,layering_mule,"{""layering_mule"": 0.9999707301939565, ""missing"": 2.926980604347868e-05}",0.9999707301939564,0.9999707301939564,0.977813791394006,1,RING-0436,1,1,0,5,0.000100151361425,0.0572841355704209,"typology available flag, txn count 30d",typology available flag | txn count 30d | rapid outflow count 30d,"Why this account is risky: typology available flag, txn count 30d, rapid outflow count 30d."
ACC00005462,0.9999707301939568,1,High Risk,0.9999707301939568,layering_mule,layering_mule,"{""layering_mule"": 0.9999707301939565, ""missing"": 2.926980604347868e-05}",0.9999707301939564,0.9999707301939564,0.8927437677688935,1,RING-0001,341,4,0,5,8.430063230359944e-05,0.4151849515079662,"typology available flag, txn count 30d",typology available flag | txn count 30d | rapid outflow count 30d,"Why this account is risky: typology available flag, txn count 30d, rapid outflow count 30d."
ACC00003521,0.9999707301939568,1,High Risk,0.9999707301939568,layering_mule,layering_mule,"{""layering_mule"": 0.9999707301939565, ""missing"": 2.926980604347868e-05}",0.9999707301939564,0.9999707301939564,0.9215617302341872,1,RING-0001,341,5,0,11,0.0001457380357119,0.4491171699621697,"typology available flag, txn count 30d",typology available flag | txn count 30d | rapid outflow count 30d,"Why this account is risky: typology available flag, txn count 30d, rapid outflow count 30d."
ACC00000423,0.9999707301939568,1,High Risk,0.9999707301939568,layering_mule,layering_mule,"{""layering_mule"": 0.9999707301939565, ""missing"": 2.926980604347868e-05}",0.9999707301939564,0.9999707301939564,0.9215617302341872,1,RING-0001,341,15,0,18,0.000195270997725,0.5505576141501106,"typology available flag, txn count 30d",typology available flag | txn count 30d | rapid outflow count 30d,"Why this account is risky: typology available flag, txn count 30d, rapid outflow count 30d."
ACC00006066,0.9999707301939568,1,High Risk,0.9999707301939568,layering_mule,layering_mule,"{""layering_mule"": 0.9999707301939565, ""missing"": 2.926980604347868e-05}",0.9999707301939564,0.9999707301939564,0.866199100968904,1,RING-0082,2,2,0,4,7.688517553833978e-05,0.1143240725427351,"typology available flag, txn count 30d",typology available flag | txn count 30d | rapid outflow count 30d,"Why this account is risky: typology available flag, txn count 30d, rapid outflow count 30d."
ACC00004066,0.9999707301939568,1,High Risk,0.9999707301939568,layering_mule,layering_mule,"{""layering_mule"": 0.9999707301939565, ""missing"": 2.926980604347868e-05}",0.9999707301939564,0.9999707301939564,0.8750284994277585,1,RING-0021,2,3,0,4,7.688517553833978e-05,0.1480740725427351,"typology available flag, txn count 30d",typology available flag | txn count 30d | rapid outflow count 30d,"Why this account is risky: typology available flag, txn count 30d, rapid outflow count 30d."
ACC00009598,0.9999707301939568,1,High Risk,0.9999707301939568,layering_mule,layering_mule,"{""layering_mule"": 0.9999707301939565, ""missing"": 2.926980604347868e-05}",0.9999707301939564,0.9999707301939564,0.923820926364389,1,RING-0033,1,4,0,5,0.000100151361425,0.1585341355704209,"typology available flag, txn count 30d",typology available flag | txn count 30d | rapid outflow count 30d,"Why this account is risky: typology available flag, txn count 30d, rapid outflow count 30d."
ACC00008935,0.9999707301939568,1,High Risk,0.9999707301939568,layering_mule,layering_mule,"{""layering_mule"": 0.9999707301939565, ""missing"": 2.926980604347868e-05}",0.9999707301939564,0.9999707301939564,0.9165304588238636,1,RING-0088,2,2,0,3,5.991681801978815e-05,0.114286974010084,"typology available flag, txn count 30d",typology available flag | txn count 30d | rapid outflow count 30d,"Why this account is risky: typology available flag, txn count 30d, rapid outflow count 30d."
ACC00006606,0.9999707301939568,1,High Risk,0.9999707301939568,layering_mule,layering_mule,"{""layering_mule"": 0.9999707301939565, ""missing"": 2.926980604347868e-05}",0.9999707301939564,0.9999707301939564,0.8672771642289658,1,RING-0001,341,4,0,6,8.2873661041876e-05,0.415203654711837,"typology available flag, txn count 30d",typology available flag | txn count 30d | rapid outflow count 30d,"Why this account is risky: typology available flag, txn count 30d, rapid outflow count 30d."
ACC00002277,0.9999707301939568,1,High Risk,0.9999707301939568,layering_mule,layering_mule,"{""layering_mule"": 0.9999707301939565, ""missing"": 2.926980604347868e-05}",0.9999707301939564,0.9999707301939564,0.9713368528920124,1,RING-0001,341,8,0,10,0.0001123072670402,0.5503136090183656,"typology available flag, txn count 30d",typology available flag | txn count 30d | rapid outflow count 30d,"Why this account is risky: typology available flag, txn count 30d, rapid outflow count 30d."
ACC00004061,0.9999707301939568,1,High Risk,0.9999707301939568,layering_mule,layering_mule,"{""layering_mule"": 0.9999707301939565, ""missing"": 2.926980604347868e-05}",0.9999707301939564,0.9999707301939564,0.9687522063592482,1,RING-0435,1,1,0,5,0.000100151361425,0.0572841355704209,"typology available flag, txn count 30d",typology available flag | txn count 30d | rapid outflow count 30d,"Why this account is risky: typology available flag, txn count 30d, rapid outflow count 30d."
ACC00008929,0.9999707301939568,1,High Risk,0.9999707301939568,layering_mule,layering_mule,"{""layering_mule"": 0.9999707301939565, ""missing"": 2.926980604347868e-05}",0.9999707301939564,0.9999707301939564,0.866199100968904,1,RING-0149,1,2,0,4,8.369512006095296e-05,0.0909975491539243,"typology available flag, txn count 30d",typology available flag | txn count 30d | rapid outflow count 30d,"Why this account is risky: typology available flag, txn count 30d, rapid outflow count 30d."
ACC00004706,0.9999707301939568,1,High Risk,0.9999707301939568,layering_mule,layering_mule,"{""layering_mule"": 0.9999707301939565, ""missing"": 2.926980604347868e-05}",0.9999707301939564,0.9999707301939564,0.8612454931460426,1,RING-0001,341,6,0,7,9.366870856963484e-05,0.4827345799344973,"typology available flag, txn count 30d",typology available flag | txn count 30d | rapid outflow count 30d,"Why this account is risky: typology available flag, txn count 30d, rapid outflow count 30d."
ACC00001674,0.9999707301939568,1,High Risk,0.9999707301939568,layering_mule,layering_mule,"{""layering_mule"": 0.9999707301939565, ""missing"": 2.926980604347868e-05}",0.9999707301939564,0.9999707301939564,0.8672771642289658,1,RING-0001,341,5,0,10,0.0001171259559592,0.4490684277072844,"typology available flag, txn count 30d",typology available flag | txn count 30d | rapid outflow count 30d,"Why this account is risky: typology available flag, txn count 30d, rapid outflow count 30d."
ACC00008128,0.9999707301939568,1,High Risk,0.9999707301939568,layering_mule,layering_mule,"{""layering_mule"": 0.9999707301939565, ""missing"": 2.926980604347868e-05}",0.9999707301939564,0.9999707301939564,0.8672771642289658,1,RING-0001,341,3,0,6,9.391703472208506e-05,0.3814646980855172,"typology available flag, txn count 30d",typology available flag | txn count 30d | rapid outflow count 30d,"Why this account is risky: typology available flag, txn count 30d, rapid outflow count 30d."
ACC00000401,0.9999707301939568,1,High Risk,0.9999707301939568,layering_mule,layering_mule,"{""layering_mule"": 0.9999707301939565, ""missing"": 2.926980604347868e-05}",0.9999707301939564,0.9999707301939564,0.9215617302341872,1,RING-0001,341,7,0,8,9.35390447472238e-05,0.5165045804458075,"typology available flag, txn count 30d",typology available flag | txn count 30d | rapid outflow count 30d,"Why this account is risky: typology available flag, txn count 30d, rapid outflow count 30d."
ACC00002287,0.9999707301939568,1,High Risk,0.9999707301939568,layering_mule,layering_mule,"{""layering_mule"": 0.9999707301939565, ""missing"": 2.926980604347868e-05}",0.9999707301939564,0.9999707301939564,0.8736559548346531,1,RING-0001,341,10,0,12,0.0001289069216702,0.5503704690232606,"typology available flag, txn count 30d",typology available flag | txn count 30d | rapid outflow count 30d,"Why this account is risky: typology available flag, txn count 30d, rapid outflow count 30d."
ACC00008383,0.9999707301939568,1,High Risk,0.9999707301939568,layering_mule,layering_mule,"{""layering_mule"": 0.9999707301939565, ""missing"": 2.926980604347868e-05}",0.9999707301939564,0.9999707301939564,0.8952988139515999,1,RING-0006,2,5,0,8,0.0001435634272253,0.2157212714949522,"typology available flag, txn count 30d",typology available flag | txn count 30d | rapid outflow count 30d,"Why this account is risky: typology available flag, txn count 30d, rapid outflow count 30d."
ACC00001670,0.9999707301939568,1,High Risk,0.9999707301939568,layering_mule,layering_mule,"{""layering_mule"": 0.9999707301939565, ""missing"": 2.926980604347868e-05}",0.9999707301939564,0.9999707301939564,0.9947567345440036,1,RING-0001,341,12,0,13,0.0001350243229951,0.550396716599718,"typology available flag, txn count 30d",typology available flag | txn count 30d | rapid outflow count 30d,"Why this account is risky: typology available flag, txn count 30d, rapid outflow count 30d."
ACC00004051,0.9999707301939568,1,High Risk,0.9999707301939568,layering_mule,layering_mule,"{""layering_mule"": 0.9999707301939565, ""missing"": 2.926980604347868e-05}",0.9999707301939564,0.9999707301939564,0.8672771642289658,1,RING-0001,341,2,0,6,9.336967026178286e-05,0.347714150721057,"typology available flag, txn count 30d",typology available flag | txn count 30d | rapid outflow count 30d,"Why this account is risky: typology available flag, txn count 30d, rapid outflow count 30d."
ACC00002957,0.9999707301939568,1,High Risk,0.9999707301939568,layering_mule,layering_mule,"{""layering_mule"": 0.9999707301939565, ""missing"": 2.926980604347868e-05}",0.9999707301939564,0.9999707301939564,0.9492133245183056,1,RING-0134,1,2,0,5,0.000100151361425,0.0910341355704209,"typology available flag, txn count 30d",typology available flag | txn count 30d | rapid outflow count 30d,"Why this account is risky: typology available flag, txn count 30d, rapid outflow count 30d."
ACC00004085,0.9999707301939568,1,High Risk,0.9999707301939568,layering_mule,layering_mule,"{""layering_mule"": 0.9999707301939565, ""missing"": 2.926980604347868e-05}",0.9999707301939564,0.9999707301939564,0.9415594943280048,1,RING-0141,1,2,0,4,8.369512006095296e-05,0.0909975491539243,"typology available flag, txn count 30d",typology available flag | txn count 30d | rapid outflow count 30d,"Why this account is risky: typology available flag, txn count 30d, rapid outflow count 30d."
ACC00007828,0.9999707301939568,1,High Risk,0.9999707301939568,layering_mule,layering_mule,"{""layering_mule"": 0.9999707301939565, ""missing"": 2.926980604347868e-05}",0.9999707301939564,0.9999707301939564,0.8589902717241423,1,RING-0001,341,5,0,6,8.126886256184483e-05,0.448952049913357,"typology available flag, txn count 30d",typology available flag | txn count 30d | rapid outflow count 30d,"Why this account is risky: typology available flag, txn count 30d, rapid outflow count 30d."
ACC00006574,0.9999707301939568,1,High Risk,0.9999707301939568,layering_mule,layering_mule,"{""layering_mule"": 0.9999707301939565, ""missing"": 2.926980604347868e-05}",0.9999707301939564,0.9999707301939564,0.8672771642289658,1,RING-0001,341,5,0,7,9.43763143776664e-05,0.4489852875403053,"typology available flag, txn count 30d",typology available flag | txn count 30d | rapid outflow count 30d,"Why this account is risky: typology available flag, txn count 30d, rapid outflow count 30d."
ACC00007853,0.9999707301939568,1,High Risk,0.9999707301939568,layering_mule,layering_mule,"{""layering_mule"": 0.9999707301939565, ""missing"": 2.926980604347868e-05}",0.9999707301939564,0.9999707301939564,0.9266066364439602,1,RING-0001,341,5,0,5,6.478905901629438e-05,0.448915439934679,"typology available flag, txn count 30d",typology available flag | txn count 30d | rapid outflow count 30d,"Why this account is risky: typology available flag, txn count 30d, rapid outflow count 30d."
ACC00007886,0.9999707301939568,1,High Risk,0.9999707301939568,layering_mule,layering_mule,"{""layering_mule"": 0.9999707301939565, ""missing"": 2.926980604347868e-05}",0.9999707301939564,0.9999707301939564,0.91375978619758,1,RING-0001,341,4,0,8,0.0001238592971659,0.4152849006982262,"typology available flag, txn count 30d",typology available flag | txn count 30d | rapid outflow count 30d,"Why this account is risky: typology available flag, txn count 30d, rapid outflow count 30d."
ACC00009008,0.9999707301939568,1,High Risk,0.9999707301939568,layering_mule,layering_mule,"{""layering_mule"": 0.9999707301939565, ""missing"": 2.926980604347868e-05}",0.9999707301939564,0.9999707301939564,0.866199100968904,1,RING-0001,341,5,0,6,7.970159000064025e-05,0.4489504826407958,"typology available flag, txn count 30d",typology available flag | txn count 30d | rapid outflow count 30d,"Why this account is risky: typology available flag, txn count 30d, rapid outflow count 30d."
ACC00002188,0.9999707301939568,1,High Risk,0.9999707301939568,layering_mule,layering_mule,"{""layering_mule"": 0.9999707301939565, ""missing"": 2.926980604347868e-05}",0.9999707301939564,0.9999707301939564,0.8650865058439542,1,RING-0001,341,7,0,10,0.0001146853620246,0.5165659871133501,"typology available flag, txn count 30d",typology available flag | txn count 30d | rapid outflow count 30d,"Why this account is risky: typology available flag, txn count 30d, rapid outflow count 30d."
ACC00005543,0.9999707301939568,1,High Risk,0.9999707301939568,layering_mule,layering_mule,"{""layering_mule"": 0.9999707301939565, ""missing"": 2.926980604347868e-05}",0.9999707301939564,0.9999707301939564,0.8638656086106786,1,RING-0023,2,4,0,4,7.688517553833978e-05,0.1818240725427351,"typology available flag, txn count 30d",typology available flag | txn count 30d | rapid outflow count 30d,"Why this account is risky: typology available flag, txn count 30d, rapid outflow count 30d."
ACC00001025,0.9999707301939568,1,High Risk,0.9999707301939568,layering_mule,layering_mule,"{""layering_mule"": 0.9999707301939565, ""missing"": 2.926980604347868e-05}",0.9999707301939564,0.9999707301939564,0.8987698168723502,1,RING-0001,341,7,0,8,9.972376681473072e-05,0.5165107651678751,"typology available flag, txn count 30d",typology available flag | txn count 30d | rapid outflow count 30d,"Why this account is risky: typology available flag, txn count 30d, rapid outflow count 30d."
ACC00000513,0.9999707301939568,1,High Risk,0.9999707301939568,layering_mule,layering_mule,"{""layering_mule"": 0.9999707301939565, ""missing"": 2.926980604347868e-05}",0.9999707301939564,0.9999707301939564,0.9895276399902958,1,RING-0001,341,9,0,11,0.0001291966378751,0.5503506285643329,"typology available flag, txn count 30d",typology available flag | txn count 30d | rapid outflow count 30d,"Why this account is risky: typology available flag, txn count 30d, rapid outflow count 30d."
ACC00006005,0.9999707301939568,1,High Risk,0.9999707301939568,layering_mule,layering_mule,"{""layering_mule"": 0.9999707301939565, ""missing"": 2.926980604347868e-05}",0.9999707301939564,0.9999707301939564,0.953317559227276,1,RING-0030,1,4,0,5,0.000100151361425,0.1585341355704209,"typology available flag, txn count 30d",typology available flag | txn count 30d | rapid outflow count 30d,"Why this account is risky: typology available flag, txn count 30d, rapid outflow count 30d."
ACC00006635,0.9999707301939568,1,High Risk,0.9999707301939568,layering_mule,layering_mule,"{""layering_mule"": 0.9999707301939565, ""missing"": 2.926980604347868e-05}",0.9999707301939564,0.9999707301939564,0.953317559227276,1,RING-0026,1,4,0,7,0.0001330638441531,0.1586073084034142,"typology available flag, txn count 30d",typology available flag | txn count 30d | rapid outflow count 30d,"Why this account is risky: typology available flag, txn count 30d, rapid outflow count 30d."
ACC00002210,0.9999707301939568,1,High Risk,0.9999707301939568,layering_mule,layering_mule,"{""layering_mule"": 0.9999707301939565, ""missing"": 2.926980604347868e-05}",0.9999707301939564,0.9999707301939564,0.9576495196430376,1,RING-0001,341,15,0,18,0.0001847757156032,0.5505471188679888,"typology available flag, txn count 30d",typology available flag | txn count 30d | rapid outflow count 30d,"Why this account is risky: typology available flag, txn count 30d, rapid outflow count 30d."
ACC00000492,0.9999707301939568,1,High Risk,0.9999707301939568,layering_mule,layering_mule,"{""layering_mule"": 0.9999707301939565, ""missing"": 2.926980604347868e-05}",0.9999707301939564,0.9999707301939564,0.8672771642289658,1,RING-0001,341,10,0,12,0.000125309502095,0.5503668716036855,"typology available flag, txn count 30d",typology available flag | txn count 30d | rapid outflow count 30d,"Why this account is risky: typology available flag, txn count 30d, rapid outflow count 30d."
ACC00009527,0.9999707301939568,1,High Risk,0.9999707301939568,layering_mule,layering_mule,"{""layering_mule"": 0.9999707301939565, ""missing"": 2.926980604347868e-05}",0.9999707301939564,0.9999707301939564,0.866199100968904,1,RING-0061,1,3,0,5,0.000100151361425,0.1247841355704209,"typology available flag, txn count 30d",typology available flag | txn count 30d | rapid outflow count 30d,"Why this account is risky: typology available flag, txn count 30d, rapid outflow count 30d."
ACC00007071,0.9999707301939568,1,High Risk,0.9999707301939568,layering_mule,layering_mule,"{""layering_mule"": 0.9999707301939565, ""missing"": 2.926980604347868e-05}",0.9999707301939564,0.9999707301939564,0.8699783635902979,1,RING-0440,1,1,0,4,8.369512006095296e-05,0.0572475491539243,"typology available flag, txn count 30d",typology available flag | txn count 30d | rapid outflow count 30d,"Why this account is risky: typology available flag, txn count 30d, rapid outflow count 30d."
ACC00002221,0.9999707301939568,1,High Risk,0.9999707301939568,layering_mule,layering_mule,"{""layering_mule"": 0.9999707301939565, ""missing"": 2.926980604347868e-05}",0.9999707301939564,0.9999707301939564,0.911252998685362,1,RING-0001,341,13,0,15,0.0001732997534255,0.5504752523804134,"typology available flag, txn count 30d",typology available flag | txn count 30d | rapid outflow count 30d,"Why this account is risky: typology available flag, txn count 30d, rapid outflow count 30d."
ACC00000453,0.9999707301939568,1,High Risk,0.9999707301939568,layering_mule,layering_mule,"{""layering_mule"": 0.9999707301939565, ""missing"": 2.926980604347868e-05}",0.9999707301939564,0.9999707301939564,0.8912471850518805,1,RING-0001,341,8,0,9,0.0001025028058059,0.5502836743819987,"typology available flag, txn count 30d",typology available flag | txn count 30d | rapid outflow count 30d,"Why this account is risky: typology available flag, txn count 30d, rapid outflow count 30d."
ACC00009540,0.9999707301939568,1,High Risk,0.9999707301939568,layering_mule,layering_mule,"{""layering_mule"": 0.9999707301939565, ""missing"": 2.926980604347868e-05}",0.9999707301939564,0.9999707301939564,0.8672771642289658,1,RING-0001,341,4,0,5,8.047626037263015e-05,0.4151811271360353,"typology available flag, txn count 30d",typology available flag | txn count 30d | rapid outflow count 30d,"Why this account is risky: typology available flag, txn count 30d, rapid outflow count 30d."
ACC00009541,0.9999707301939568,1,High Risk,0.9999707301939568,layering_mule,layering_mule,"{""layering_mule"": 0.9999707301939565, ""missing"": 2.926980604347868e-05}",0.9999707301939564,0.9999707301939564,0.8672771642289658,1,RING-0001,341,4,0,6,8.025224680371511e-05,0.4152010332975989,"typology available flag, txn count 30d",typology available flag | txn count 30d | rapid outflow count 30d,"Why this account is risky: typology available flag, txn count 30d, rapid outflow count 30d."
ACC00009542,0.9999707301939568,1,High Risk,0.9999707301939568,layering_mule,layering_mule,"{""layering_mule"": 0.9999707301939565, ""missing"": 2.926980604347868e-05}",0.9999707301939564,0.9999707301939564,0.8589902717241423,1,RING-0043,2,3,0,5,9.366987156337698e-05,0.1481109874138926,"typology available flag, txn count 30d",typology available flag | txn count 30d | rapid outflow count 30d,"Why this account is risky: typology available flag, txn count 30d, rapid outflow count 30d."
ACC00003021,0.9999707301939568,1,High Risk,0.9999707301939568,layering_mule,layering_mule,"{""layering_mule"": 0.9999707301939565, ""missing"": 2.926980604347868e-05}",0.9999707301939564,0.9999707301939564,0.9765166502177052,1,RING-0437,1,1,0,4,8.369512006095296e-05,0.0572475491539243,"typology available flag, txn count 30d",typology available flag | txn count 30d | rapid outflow count 30d,"Why this account is risky: typology available flag, txn count 30d, rapid outflow count 30d."
ACC00007847,0.9999707301939568,1,High Risk,0.9999707301939568,layering_mule,layering_mule,"{""layering_mule"": 0.9999707301939565, ""missing"": 2.926980604347868e-05}",0.9999707301939564,0.9999707301939564,0.8987698168723502,1,RING-0008,2,5,0,6,0.0001103544661337,0.2156478021835955,"typology available flag, txn count 30d",typology available flag | txn count 30d | rapid outflow count 30d,"Why this account is risky: typology available flag, txn count 30d, rapid outflow count 30d."
ACC00003016,0.9999707301939568,1,High Risk,0.9999707301939568,layering_mule,layering_mule,"{""layering_mule"": 0.9999707301939565, ""missing"": 2.926980604347868e-05}",0.9999707301939564,0.9999707301939564,0.91375978619758,1,RING-0138,1,2,0,4,8.369512006095296e-05,0.0909975491539243,"typology available flag, txn count 30d",typology available flag | txn count 30d | rapid outflow count 30d,"Why this account is risky: typology available flag, txn count 30d, rapid outflow count 30d."
ACC00001714,0.9999707301939568,1,High Risk,0.9999707301939568,layering_mule,layering_mule,"{""layering_mule"": 0.9999707301939565, ""missing"": 2.926980604347868e-05}",0.9999707301939564,0.9999707301939564,0.8672771642289658,1,RING-0001,341,8,0,9,0.0001017045523828,0.5502828761285755,"typology available flag, txn count 30d",typology available flag | txn count 30d | rapid outflow count 30d,"Why this account is risky: typology available flag, txn count 30d, rapid outflow count 30d."
ACC00007088,0.9999707301939568,1,High Risk,0.9999707301939568,layering_mule,layering_mule,"{""layering_mule"": 0.9999707301939565, ""missing"": 2.926980604347868e-05}",0.9999707301939564,0.9999707301939564,0.866199100968904,1,RING-0001,341,5,1,7,8.933869674223516e-05,0.4889802499226699,"typology available flag, txn count 30d",typology available flag | txn count 30d | rapid outflow count 30d,"Why this account is risky: typology available flag, txn count 30d, rapid outflow count 30d."
ACC00009556,0.9999707301939568,1,High Risk,0.9999707301939568,layering_mule,layering_mule,"{""layering_mule"": 0.9999707301939565, ""missing"": 2.926980604347868e-05}",0.9999707301939564,0.9999707301939564,0.8650865058439542,1,RING-0443,1,1,0,4,8.369512006095296e-05,0.0572475491539243,"typology available flag, txn count 30d",typology available flag | txn count 30d | rapid outflow count 30d,"Why this account is risky: typology available flag, txn count 30d, rapid outflow count 30d."
ACC00007835,0.9999707301939568,1,High Risk,0.9999707301939568,layering_mule,layering_mule,"{""layering_mule"": 0.9999707301939565, ""missing"": 2.926980604347868e-05}",0.9999707301939564,0.9999707301939564,0.9620389573830066,1,RING-0057,1,3,0,5,0.000100151361425,0.1247841355704209,"typology available flag, txn count 30d",typology available flag | txn count 30d | rapid outflow count 30d,"Why this account is risky: typology available flag, txn count 30d, rapid outflow count 30d."
ACC00001704,0.9999707301939568,1,High Risk,0.9999707301939568,layering_mule,layering_mule,"{""layering_mule"": 0.9999707301939565, ""missing"": 2.926980604347868e-05}",0.9999707301939564,0.9999707301939564,0.9571644807411416,1,RING-0001,341,8,0,10,0.0001061851518712,0.5503074869031966,"typology available flag, txn count 30d",typology available flag | txn count 30d | rapid outflow count 30d,"Why this account is risky: typology available flag, txn count 30d, rapid outflow count 30d."
ACC00004091,0.9999707301939568,1,High Risk,0.9999707301939568,layering_mule,layering_mule,"{""layering_mule"": 0.9999707301939565, ""missing"": 2.926980604347868e-05}",0.9999707301939564,0.9999707301939564,0.9266066364439602,1,RING-0001,341,4,0,5,6.690612894720442e-05,0.4151675570046099,"typology available flag, txn count 30d",typology available flag | txn count 30d | rapid outflow count 30d,"Why this account is risky: typology available flag, txn count 30d, rapid outflow count 30d."
ACC00004045,0.9999707301939568,1,High Risk,0.9999707301939568,layering_mule,layering_mule,"{""layering_mule"": 0.9999707301939565, ""missing"": 2.926980604347868e-05}",0.9999707301939564,0.9999707301939564,0.953317559227276,1,RING-0447,1,1,0,3,6.723887869687132e-05,0.0572109627374277,"typology available flag, txn count 30d",typology available flag | txn count 30d | rapid outflow count 30d,"Why this account is risky: typology available flag, txn count 30d, rapid outflow count 30d."
ACC00004035,0.9999707301939568,1,High Risk,0.9999707301939568,layering_mule,layering_mule,"{""layering_mule"": 0.9999707301939565, ""missing"": 2.926980604347868e-05}",0.9999707301939564,0.9999707301939564,0.8672771642289658,1,RING-0001,341,3,0,6,9.212903334901056e-05,0.3814629100841442,"typology available flag, txn count 30d",typology available flag | txn count 30d | rapid outflow count 30d,"Why this account is risky: typology available flag, txn count 30d, rapid outflow count 30d."
ACC00004862,0.9999707301939568,1,High Risk,0.9999707301939568,layering_mule,layering_mule,"{""layering_mule"": 0.9999707301939565, ""missing"": 2.926980604347868e-05}",0.9999707301939564,0.9999707301939564,0.92274725572303,1,RING-0001,341,3,0,4,6.171279349728744e-05,0.3813922334940274,"typology available flag, txn count 30d",typology available flag | txn count 30d | rapid outflow count 30d,"Why this account is risky: typology available flag, txn count 30d, rapid outflow count 30d."
ACC00002850,0.9999707301939568,1,High Risk,0.9999707301939568,layering_mule,layering_mule,"{""layering_mule"": 0.9999707301939565, ""missing"": 2.926980604347868e-05}",0.9999707301939564,0.9999707301939564,0.946923349790276,1,RING-0001,341,3,0,5,6.67276374648285e-05,0.3814173785131275,"typology available flag, txn count 30d",typology available flag | txn count 30d | rapid outflow count 30d,"Why this account is risky: typology available flag, txn count 30d, rapid outflow count 30d."
ACC00009704,0.9999707301939568,1,High Risk,0.9999707301939568,layering_mule,layering_mule,"{""layering_mule"": 0.9999707301939565, ""missing"": 2.926980604347868e-05}",0.9999707301939564,0.9999707301939564,0.890081707230446,1,RING-0004,2,4,0,5,9.366987156337698e-05,0.1818609874138926,"typology available flag, txn count 30d",typology available flag | txn count 30d | rapid outflow count 30d,"Why this account is risky: typology available flag, txn count 30d, rapid outflow count 30d."
ACC00006524,0.9999707301939568,1,High Risk,0.9999707301939568,layering_mule,layering_mule,"{""layering_mule"": 0.9999707301939565, ""missing"": 2.926980604347868e-05}",0.9999707301939564,0.9999707301939564,0.92274725572303,1,RING-0049,2,2,0,3,5.991681801978815e-05,0.114286974010084,"typology available flag, txn count 30d",typology available flag | txn count 30d | rapid outflow count 30d,"Why this account is risky: typology available flag, txn count 30d, rapid outflow count 30d."
ACC00004802,0.9999707301939568,1,High Risk,0.9999707301939568,layering_mule,layering_mule,"{""layering_mule"": 0.9999707301939565, ""missing"": 2.926980604347868e-05}",0.9999707301939564,0.9999707301939564,0.9189701220293282,1,RING-0001,341,3,0,4,6.142859066138866e-05,0.3813919492911915,"typology available flag, txn count 30d",typology available flag | txn count 30d | rapid outflow count 30d,"Why this account is risky: typology available flag, txn count 30d, rapid outflow count 30d."
ACC00005353,0.9999707301939568,1,High Risk,0.9999707301939568,layering_mule,layering_mule,"{""layering_mule"": 0.9999707301939565, ""missing"": 2.926980604347868e-05}",0.9999707301939564,0.9999707301939564,0.935204994414846,1,RING-0001,341,5,0,6,9.34954164119262e-05,0.4489642764672071,"typology available flag, txn count 30d",typology available flag | txn count 30d | rapid outflow count 30d,"Why this account is risky: typology available flag, txn count 30d, rapid outflow count 30d."
ACC00009713,0.9999707301939568,1,High Risk,0.9999707301939568,layering_mule,layering_mule,"{""layering_mule"": 0.9999707301939565, ""missing"": 2.926980604347868e-05}",0.9999707301939564,0.9999707301939564,0.9152747670880782,1,RING-0001,341,3,0,5,7.501871422443569e-05,0.3814256695898871,"typology available flag, txn count 30d",typology available flag | txn count 30d | rapid outflow count 30d,"Why this account is risky: typology available flag, txn count 30d, rapid outflow count 30d."
ACC00001202,0.9999707301939568,1,High Risk,0.9999707301939568,layering_mule,layering_mule,"{""layering_mule"": 0.9999707301939565, ""missing"": 2.926980604347868e-05}",0.9999707301939564,0.9999707301939564,0.959200368931192,1,RING-0001,341,12,0,16,0.0001769074608235,0.550498990262944,"typology available flag, txn count 30d",typology available flag | txn count 30d | rapid outflow count 30d,"Why this account is risky: typology available flag, txn count 30d, rapid outflow count 30d."
ACC00007233,0.9999707301939568,1,High Risk,0.9999707301939568,layering_mule,layering_mule,"{""layering_mule"": 0.9999707301939565, ""missing"": 2.926980604347868e-05}",0.9999707301939564,0.9999707301939564,0.9576495196430376,1,RING-0089,2,1,0,3,5.991681801978815e-05,0.080536974010084,"typology available flag, txn count 30d",typology available flag | txn count 30d | rapid outflow count 30d,"Why this account is risky: typology available flag, txn count 30d, rapid outflow count 30d."
ACC00001584,0.9999707301939568,1,High Risk,0.9999707301939568,layering_mule,layering_mule,"{""layering_mule"": 0.9999707301939565, ""missing"": 2.926980604347868e-05}",0.9999707301939564,0.9999707301939564,0.8589902717241423,1,RING-0001,341,11,0,14,0.0001465441475659,0.5504283665994214,"typology available flag, txn count 30d",typology available flag | txn count 30d | rapid outflow count 30d,"Why this account is risky: typology available flag, txn count 30d, rapid outflow count 30d."
ACC00005332,0.9999707301939568,1,High Risk,0.9999707301939568,layering_mule,layering_mule,"{""layering_mule"": 0.9999707301939565, ""missing"": 2.926980604347868e-05}",0.9999707301939564,0.9999707301939564,0.9610192185082328,1,RING-0001,341,2,0,3,4.462512621689328e-05,0.3476050156516145,"typology available flag, txn count 30d",typology available flag | txn count 30d | rapid outflow count 30d,"Why this account is risky: typology available flag, txn count 30d, rapid outflow count 30d."
ACC00002394,0.9999707301939568,1,High Risk,0.9999707301939568,layering_mule,layering_mule,"{""layering_mule"": 0.9999707301939565, ""missing"": 2.926980604347868e-05}",0.9999707301939564,0.9999707301939564,0.8672771642289658,1,RING-0001,341,7,0,10,0.000122318309287,0.5165736200606125,"typology available flag, txn count 30d",typology available flag | txn count 30d | rapid outflow count 30d,"Why this account is risky: typology available flag, txn count 30d, rapid outflow count 30d."
ACC00005326,0.9999707301939568,1,High Risk,0.9999707301939568,layering_mule,layering_mule,"{""layering_mule"": 0.9999707301939565, ""missing"": 2.926980604347868e-05}",0.9999707301939564,0.9999707301939564,0.8672771642289658,1,RING-0078,2,2,0,4,7.688517553833978e-05,0.1143240725427351,"typology available flag, txn count 30d",typology available flag | txn count 30d | rapid outflow count 30d,"Why this account is risky: typology available flag, txn count 30d, rapid outflow count 30d."
ACC00008824,0.9999707301939568,1,High Risk,0.9999707301939568,layering_mule,layering_mule,"{""layering_mule"": 0.9999707301939565, ""missing"": 2.926980604347868e-05}",0.9999707301939564,0.9999707301939564,0.9576495196430376,1,RING-0009,2,4,0,5,9.366987156337698e-05,0.1818609874138926,"typology available flag, txn count 30d",typology available flag | txn count 30d | rapid outflow count 30d,"Why this account is risky: typology available flag, txn count 30d, rapid outflow count 30d."
ACC00003623,0.9999707301939568,1,High Risk,0.9999707301939568,layering_mule,layering_mule,"{""layering_mule"": 0.9999707301939565, ""missing"": 2.926980604347868e-05}",0.9999707301939564,0.9999707301939564,0.8650865058439542,1,RING-0139,1,2,0,4,8.369512006095296e-05,0.0909975491539243,"typology available flag, txn count 30d",typology available flag | txn count 30d | rapid outflow count 30d,"Why this account is risky: typology available flag, txn count 30d, rapid outflow count 30d."
ACC00008445,0.9999707301939568,1,High Risk,0.9999707301939568,layering_mule,layering_mule,"{""layering_mule"": 0.9999707301939565, ""missing"": 2.926980604347868e-05}",0.9999707301939564,0.9999707301939564,0.91944539606606,1,RING-0001,341,5,0,6,7.560544172731075e-05,0.4489463864925225,"typology available flag, txn count 30d",typology available flag | txn count 30d | rapid outflow count 30d,"Why this account is risky: typology available flag, txn count 30d, rapid outflow count 30d."
ACC00006180,0.9999707301939568,1,High Risk,0.9999707301939568,layering_mule,layering_mule,"{""layering_mule"": 0.9999707301939565, ""missing"": 2.926980604347868e-05}",0.9999707301939564,0.9999707301939564,0.91944539606606,1,RING-0001,341,3,0,5,6.42164163386151e-05,0.3814148672920013,"typology available flag, txn count 30d",typology available flag | txn count 30d | rapid outflow count 30d,"Why this account is risky: typology available flag, txn count 30d, rapid outflow count 30d."
ACC00006182,0.9999707301939568,1,High Risk,0.9999707301939568,layering_mule,layering_mule,"{""layering_mule"": 0.9999707301939565, ""missing"": 2.926980604347868e-05}",0.9999707301939564,0.9999707301939564,0.9140199246487934,1,RING-0001,341,2,0,6,9.049872989943798e-05,0.3477112797806946,"typology available flag, txn count 30d",typology available flag | txn count 30d | rapid outflow count 30d,"Why this account is risky: typology available flag, txn count 30d, rapid outflow count 30d."
ACC00003627,0.9999707301939568,1,High Risk,0.9999707301939568,layering_mule,layering_mule,"{""layering_mule"": 0.9999707301939565, ""missing"": 2.926980604347868e-05}",0.9999707301939564,0.9999707301939564,0.8699783635902979,1,RING-0001,341,4,0,6,8.081921028859689e-05,0.4152016002610837,"typology available flag, txn count 30d",typology available flag | txn count 30d | rapid outflow count 30d,"Why this account is risky: typology available flag, txn count 30d, rapid outflow count 30d."
ACC00002413,0.9999707301939568,1,High Risk,0.9999707301939568,layering_mule,layering_mule,"{""layering_mule"": 0.9999707301939565, ""missing"": 2.926980604347868e-05}",0.9999707301939564,0.9999707301939564,0.8672771642289658,1,RING-0001,341,7,0,12,0.0001365412764275,0.5166281033780179,"typology available flag, txn count 30d",typology available flag | txn count 30d | rapid outflow count 30d,"Why this account is risky: typology available flag, txn count 30d, rapid outflow count 30d."
ACC00001225,0.9999707301939568,1,High Risk,0.9999707301939568,layering_mule,layering_mule,"{""layering_mule"": 0.9999707301939565, ""missing"": 2.926980604347868e-05}",0.9999707301939564,0.9999707301939564,0.955881305880602,1,RING-0001,341,5,0,6,7.266701392415012e-05,0.4489434480647193,"typology available flag, txn count 30d",typology available flag | txn count 30d | rapid outflow count 30d,"Why this account is risky: typology available flag, txn count 30d, rapid outflow count 30d."
ACC00005307,0.9999707301939568,1,High Risk,0.9999707301939568,layering_mule,layering_mule,"{""layering_mule"": 0.9999707301939565, ""missing"": 2.926980604347868e-05}",0.9999707301939564,0.9999707301939564,0.9002725473767472,1,RING-0142,1,2,0,4,8.369512006095296e-05,0.0909975491539243,"typology available flag, txn count 30d",typology available flag | txn count 30d | rapid outflow count 30d,"Why this account is risky: typology available flag, txn count 30d, rapid outflow count 30d."
ACC00003942,0.9999707301939568,1,High Risk,0.9999707301939568,layering_mule,layering_mule,"{""layering_mule"": 0.9999707301939565, ""missing"": 2.926980604347868e-05}",0.9999707301939564,0.9999707301939564,0.911252998685362,1,RING-0053,1,3,0,6,0.0001166076027891,0.1248207219869176,"typology available flag, txn count 30d",typology available flag | txn count 30d | rapid outflow count 30d,"Why this account is risky: typology available flag, txn count 30d, rapid outflow count 30d."
ACC00001228,0.9999707301939568,1,High Risk,0.9999707301939568,layering_mule,layering_mule,"{""layering_mule"": 0.9999707301939565, ""missing"": 2.926980604347868e-05}",0.9999707301939564,0.9999707301939564,0.9895276399902958,1,RING-0001,341,6,0,9,0.0001024711173916,0.4827836426935844,"typology available flag, txn count 30d",typology available flag | txn count 30d | rapid outflow count 30d,"Why this account is risky: typology available flag, txn count 30d, rapid outflow count 30d."
ACC00002836,0.9999707301939568,1,High Risk,0.9999707301939568,layering_mule,layering_mule,"{""layering_mule"": 0.9999707301939565, ""missing"": 2.926980604347868e-05}",0.9999707301939564,0.9999707301939564,0.8736559548346531,1,RING-0001,341,5,0,6,9.982464387981487e-05,0.448970605694675,"typology available flag, txn count 30d",typology available flag | txn count 30d | rapid outflow count 30d,"Why this account is risky: typology available flag, txn count 30d, rapid outflow count 30d."
ACC00005302,0.9999707301939568,1,High Risk,0.9999707301939568,layering_mule,layering_mule,"{""layering_mule"": 0.9999707301939565, ""missing"": 2.926980604347868e-05}",0.9999707301939564,0.9999707301939564,0.9765166502177052,1,RING-0001,341,3,1,10,0.0001318268999079,0.4215831286512331,"typology available flag, txn count 30d",typology available flag | txn count 30d | rapid outflow count 30d,"Why this account is risky: typology available flag, txn count 30d, rapid outflow count 30d."
ACC00008486,0.9999707301939568,1,High Risk,0.9999707301939568,layering_mule,layering_mule,"{""layering_mule"": 0.9999707301939565, ""missing"": 2.926980604347868e-05}",0.9999707301939564,0.9999707301939564,0.8672771642289658,1,RING-0001,341,5,0,6,8.91068008980936e-05,0.4489598878516933,"typology available flag, txn count 30d",typology available flag | txn count 30d | rapid outflow count 30d,"Why this account is risky: typology available flag, txn count 30d, rapid outflow count 30d."
ACC00002831,0.9999707301939568,1,High Risk,0.9999707301939568,layering_mule,layering_mule,"{""layering_mule"": 0.9999707301939565, ""missing"": 2.926980604347868e-05}",0.9999707301939564,0.9999707301939564,0.911252998685362,1,RING-0001,341,5,0,9,0.0001285931229558,0.4490597646991486,"typology available flag, txn count 30d",typology available flag | txn count 30d | rapid outflow count 30d,"Why this account is risky: typology available flag, txn count 30d, rapid outflow count 30d."
ACC00004798,0.9999707301939568,1,High Risk,0.9999707301939568,layering_mule,layering_mule,"{""layering_mule"": 0.9999707301939565, ""missing"": 2.926980604347868e-05}",0.9999707301939564,0.9999707301939564,0.8650865058439542,1,RING-0065,1,3,0,4,8.369512006095296e-05,0.1247475491539243,"typology available flag, txn count 30d",typology available flag | txn count 30d | rapid outflow count 30d,"Why this account is risky: typology available flag, txn count 30d, rapid outflow count 30d."
ACC00005362,0.9999707301939568,1,High Risk,0.9999707301939568,layering_mule,layering_mule,"{""layering_mule"": 0.9999707301939565, ""missing"": 2.926980604347868e-05}",0.9999707301939564,0.9999707301939564,0.9456471015952808,1,RING-0001,341,3,0,4,6.701856641662107e-05,0.3813975392669467,"typology available flag, txn count 30d",typology available flag | txn count 30d | rapid outflow count 30d,"Why this account is risky: typology available flag, txn count 30d, rapid outflow count 30d."
ACC00000377,0.9999707301939568,1,High Risk,0.9999707301939568,layering_mule,layering_mule,"{""layering_mule"": 0.9999707301939565, ""missing"": 2.926980604347868e-05}",0.9999707301939564,0.9999707301939564,1.0,1,RING-0001,341,10,0,14,0.0001660792353118,0.5504479016871673,"typology available flag, txn count 30d",typology available flag | txn count 30d | rapid outflow count 30d,"Why this account is risky: typology available flag, txn count 30d, rapid outflow count 30d."
ACC00002914,0.9999707301939568,1,High Risk,0.9999707301939568,layering_mule,layering_mule,"{""layering_mule"": 0.9999707301939565, ""missing"": 2.926980604347868e-05}",0.9999707301939564,0.9999707301939564,0.8672771642289658,1,RING-0001,341,5,0,5,7.829788787519891e-05,0.4489289487635379,"typology available flag, txn count 30d",typology available flag | txn count 30d | rapid outflow count 30d,"Why this account is risky: typology available flag, txn count 30d, rapid outflow count 30d."
ACC00007766,0.9999707301939568,1,High Risk,0.9999707301939568,layering_mule,layering_mule,"{""layering_mule"": 0.9999707301939565, ""missing"": 2.926980604347868e-05}",0.9999707301939564,0.9999707301939564,0.911252998685362,1,RING-0442,1,1,0,4,8.369512006095296e-05,0.0572475491539243,"typology available flag, txn count 30d",typology available flag | txn count 30d | rapid outflow count 30d,"Why this account is risky: typology available flag, txn count 30d, rapid outflow count 30d."
ACC00007160,0.9999707301939568,1,High Risk,0.9999707301939568,layering_mule,layering_mule,"{""layering_mule"": 0.9999707301939565, ""missing"": 2.926980604347868e-05}",0.9999707301939564,0.9999707301939564,0.9140199246487934,1,RING-0136,1,2,0,5,0.000100151361425,0.0910341355704209,"typology available flag, txn count 30d",typology available flag | txn count 30d | rapid outflow count 30d,"Why this account is risky: typology available flag, txn count 30d, rapid outflow count 30d."
ACC00007761,0.9999707301939568,1,High Risk,0.9999707301939568,layering_mule,layering_mule,"{""layering_mule"": 0.9999707301939565, ""missing"": 2.926980604347868e-05}",0.9999707301939564,0.9999707301939564,0.9175263334251668,1,RING-0154,1,2,0,3,6.723887869687132e-05,0.0909609627374277,"typology available flag, txn count 30d",typology available flag | txn count 30d | rapid outflow count 30d,"Why this account is risky: typology available flag, txn count 30d, rapid outflow count 30d."
ACC00007162,0.9999707301939568,1,High Risk,0.9999707301939568,layering_mule,layering_mule,"{""layering_mule"": 0.9999707301939565, ""missing"": 2.926980604347868e-05}",0.9999707301939564,0.9999707301939564,0.9152747670880782,1,RING-0044,2,3,0,4,7.688517553833978e-05,0.1480740725427351,"typology available flag, txn count 30d",typology available flag | txn count 30d | rapid outflow count 30d,"Why this account is risky: typology available flag, txn count 30d, rapid outflow count 30d."
ACC00009648,0.9999707301939568,1,High Risk,0.9999707301939568,layering_mule,layering_mule,"{""layering_mule"": 0.9999707301939565, ""missing"": 2.926980604347868e-05}",0.9999707301939564,0.9999707301939564,0.9576495196430376,1,RING-0001,341,4,0,6,9.368300278947583e-05,0.4152144640535847,"typology available flag, txn count 30d",typology available flag | txn count 30d | rapid outflow count 30d,"Why this account is risky: typology available flag, txn count 30d, rapid outflow count 30d."
ACC00001646,0.9999707301939568,1,High Risk,0.9999707301939568,layering_mule,layering_mule,"{""layering_mule"": 0.9999707301939565, ""missing"": 2.926980604347868e-05}",0.9999707301939564,0.9999707301939564,0.911252998685362,1,RING-0001,341,14,0,17,0.0001885534184912,0.5505307663957442,"typology available flag, txn count 30d",typology available flag | txn count 30d | rapid outflow count 30d,"Why this account is risky: typology available flag, txn count 30d, rapid outflow count 30d."
ACC00004746,0.9999707301939568,1,High Risk,0.9999707301939568,layering_mule,layering_mule,"{""layering_mule"": 0.9999707301939565, ""missing"": 2.926980604347868e-05}",0.9999707301939564,0.9999707301939564,0.9399479415144474,1,RING-0084,2,1,0,4,7.688517553833978e-05,0.0805740725427351,"typology available flag, txn count 30d",typology available flag | txn count 30d | rapid outflow count 30d,"Why this account is risky: typology available flag, txn count 30d, rapid outflow count 30d."
ACC00003560,0.9999707301939568,1,High Risk,0.9999707301939568,layering_mule,layering_mule,"{""layering_mule"": 0.9999707301939565, ""missing"": 2.926980604347868e-05}",0.9999707301939564,0.9999707301939564,0.9215617302341872,1,RING-0052,1,3,0,6,0.0001166076027891,0.1248207219869176,"typology available flag, txn count 30d",typology available flag | txn count 30d | rapid outflow count 30d,"Why this account is risky: typology available flag, txn count 30d, rapid outflow count 30d."
