account_id,customer_id,account_open_date,customer_type,risk_rating,occupation,expected_turnover,is_mule
ACC100000,CUST100000,2025-10-05 23:29:38.050567,individual,LOW,STUDENT,27915,False
ACC100001,CUST100001,2023-12-27 23:29:38.050567,individual,HIGH,UNKNOWN,43661,True
ACC100002,CUST100002,2023-02-17 23:29:38.050567,individual,LOW,STUDENT,9297,False
ACC100003,CUST100003,2021-09-27 23:29:38.050567,individual,LOW,SELF_EMP,16628,False
ACC100004,CUST100004,2023-12-20 23:29:38.051575,individual,LOW,UNKNOWN,23099,False
ACC100005,CUST100005,2025-12-31 23:29:38.051575,individual,LOW,UNKNOWN,30709,False
ACC100006,CUST100006,2024-12-29 23:29:38.051575,individual,LOW,UNKNOWN,17487,False
ACC100007,CUST100007,2022-01-10 23:29:38.051575,individual,LOW,SALARIED,22772,False
ACC100008,CUST100008,2025-01-20 23:29:38.051575,individual,LOW,STUDENT,11233,False
ACC100009,CUST100009,2024-04-27 23:29:38.051575,individual,LOW,SELF_EMP,14181,False
ACC100010,CUST100010,2025-09-22 23:29:38.052081,individual,LOW,UNKNOWN,14478,False
ACC100011,CUST100011,2024-02-09 23:29:38.052081,individual,LOW,SELF_EMP,18871,False
ACC100012,CUST100012,2025-01-07 23:29:38.052081,individual,LOW,UNKNOWN,21635,False
ACC100013,CUST100013,2024-07-20 23:29:38.052081,individual,LOW,SELF_EMP,48161,False
ACC100014,CUST100014,2023-01-21 23:29:38.052081,individual,LOW,SALARIED,19809,False
ACC100015,CUST100015,2021-11-27 23:29:38.052081,individual,LOW,SELF_EMP,17793,False
ACC100016,CUST100016,2024-04-26 23:29:38.052081,business,HIGH,STUDENT,22082,True
ACC100017,CUST100017,2021-12-31 23:29:38.052081,individual,LOW,SELF_EMP,19588,False
ACC100018,CUST100018,2023-01-26 23:29:38.052081,individual,LOW,UNKNOWN,12883,False
ACC100019,CUST100019,2022-12-08 23:29:38.052081,individual,LOW,UNKNOWN,13409,False
ACC100020,CUST100020,2025-04-30 23:29:38.052081,individual,LOW,SALARIED,32712,False
ACC100021,CUST100021,2022-12-14 23:29:38.053090,individual,LOW,SALARIED,13978,False
ACC100022,CUST100022,2021-05-06 23:29:38.053090,individual,LOW,UNKNOWN,16846,False
ACC100023,CUST100023,2024-10-19 23:29:38.053090,individual,LOW,UNKNOWN,38111,False
ACC100024,CUST100024,2023-08-22 23:29:38.053090,business,LOW,SELF_EMP,9365,False
ACC100025,CUST100025,2024-12-27 23:29:38.053090,individual,LOW,UNKNOWN,23376,False
ACC100026,CUST100026,2022-12-26 23:29:38.053090,individual,HIGH,SALARIED,33758,True
ACC100027,CUST100027,2021-04-27 23:29:38.053090,individual,LOW,SALARIED,53868,False
ACC100028,CUST100028,2023-03-15 23:29:38.053597,individual,LOW,STUDENT,27234,False
ACC100029,CUST100029,2022-04-17 23:29:38.053597,business,LOW,STUDENT,35251,False
ACC100030,CUST100030,2023-11-11 23:29:38.053597,individual,LOW,UNKNOWN,18277,False
ACC100031,CUST100031,2023-03-02 23:29:38.053597,individual,LOW,SELF_EMP,28333,False
ACC100032,CUST100032,2023-07-22 23:29:38.053597,business,LOW,UNKNOWN,19757,False
ACC100033,CUST100033,2024-03-20 23:29:38.053597,individual,LOW,SALARIED,17367,False
ACC100034,CUST100034,2025-06-03 23:29:38.053597,business,LOW,SALARIED,34071,False
ACC100035,CUST100035,2023-10-30 23:29:38.053597,individual,LOW,SALARIED,37537,False
ACC100036,CUST100036,2023-01-15 23:29:38.053597,individual,HIGH,UNKNOWN,18814,True
ACC100037,CUST100037,2025-03-27 23:29:38.053597,individual,LOW,UNKNOWN,32192,False
ACC100038,CUST100038,2023-05-07 23:29:38.053597,individual,LOW,STUDENT,48059,False
ACC100039,CUST100039,2023-07-14 23:29:38.053597,individual,LOW,SALARIED,23488,False
ACC100040,CUST100040,2022-05-06 23:29:38.053597,individual,LOW,STUDENT,48849,False
ACC100041,CUST100041,2024-09-09 23:29:38.053597,individual,LOW,SALARIED,17730,False
ACC100042,CUST100042,2023-12-07 23:29:38.053597,business,LOW,STUDENT,26599,False
ACC100043,CUST100043,2023-02-07 23:29:38.053597,individual,HIGH,UNKNOWN,50295,True
ACC100044,CUST100044,2021-04-13 23:29:38.054604,individual,HIGH,SELF_EMP,11527,True
ACC100045,CUST100045,2021-06-27 23:29:38.054604,individual,HIGH,SELF_EMP,20898,True
ACC100046,CUST100046,2024-03-16 23:29:38.054604,individual,LOW,SALARIED,23312,False
ACC100047,CUST100047,2022-02-24 23:29:38.054604,individual,LOW,UNKNOWN,30670,False
ACC100048,CUST100048,2023-10-09 23:29:38.054604,individual,LOW,SALARIED,25349,False
ACC100049,CUST100049,2022-10-03 23:29:38.054604,individual,LOW,STUDENT,16133,False
ACC100050,CUST100050,2024-11-04 23:29:38.054604,individual,HIGH,UNKNOWN,14552,True
ACC100051,CUST100051,2022-10-09 23:29:38.054604,individual,LOW,STUDENT,16645,False
ACC100052,CUST100052,2022-05-10 23:29:38.055110,business,LOW,STUDENT,42308,False
ACC100053,CUST100053,2024-11-06 23:29:38.055110,individual,LOW,SALARIED,22259,False
ACC100054,CUST100054,2023-08-28 23:29:38.055110,individual,LOW,STUDENT,13319,False
ACC100055,CUST100055,2023-07-15 23:29:38.055110,individual,HIGH,SALARIED,12002,True
ACC100056,CUST100056,2023-08-06 23:29:38.055110,business,LOW,STUDENT,34354,False
ACC100057,CUST100057,2026-01-06 23:29:38.055110,individual,LOW,SALARIED,28226,False
ACC100058,CUST100058,2023-02-06 23:29:38.055110,individual,LOW,STUDENT,24175,False
ACC100059,CUST100059,2022-12-12 23:29:38.055110,individual,LOW,STUDENT,33292,False
ACC100060,CUST100060,2025-01-13 23:29:38.055110,individual,HIGH,STUDENT,29066,True
ACC100061,CUST100061,2021-10-08 23:29:38.055110,business,LOW,SALARIED,31779,False
ACC100062,CUST100062,2022-01-31 23:29:38.055110,business,LOW,UNKNOWN,33583,False
ACC100063,CUST100063,2022-08-01 23:29:38.055110,individual,LOW,SELF_EMP,12923,False
ACC100064,CUST100064,2022-12-16 23:29:38.055110,individual,LOW,SELF_EMP,18880,False
ACC100065,CUST100065,2024-09-20 23:29:38.055110,individual,HIGH,SALARIED,15234,True
ACC100066,CUST100066,2024-11-11 23:29:38.055110,individual,LOW,SALARIED,51141,False
ACC100067,CUST100067,2023-02-11 23:29:38.055110,individual,LOW,SELF_EMP,9272,False
ACC100068,CUST100068,2021-08-15 23:29:38.056116,business,LOW,UNKNOWN,25281,False
ACC100069,CUST100069,2023-12-26 23:29:38.056116,individual,LOW,UNKNOWN,25320,False
ACC100070,CUST100070,2024-03-21 23:29:38.056116,individual,LOW,SELF_EMP,15862,False
ACC100071,CUST100071,2021-10-13 23:29:38.056116,individual,LOW,STUDENT,14920,False
ACC100072,CUST100072,2023-12-30 23:29:38.056116,individual,LOW,STUDENT,27088,False
ACC100073,CUST100073,2024-01-28 23:29:38.056116,individual,LOW,SALARIED,43089,False
ACC100074,CUST100074,2023-04-21 23:29:38.056116,individual,HIGH,SELF_EMP,46685,True
ACC100075,CUST100075,2022-05-22 23:29:38.056116,business,LOW,SELF_EMP,22857,False
ACC100076,CUST100076,2025-10-16 23:29:38.056621,individual,LOW,SALARIED,11473,False
ACC100077,CUST100077,2021-05-21 23:29:38.056621,individual,LOW,UNKNOWN,30786,False
ACC100078,CUST100078,2024-03-24 23:29:38.056621,individual,LOW,UNKNOWN,17126,False
ACC100079,CUST100079,2023-01-29 23:29:38.056621,business,LOW,SELF_EMP,37147,False
ACC100080,CUST100080,2024-05-20 23:29:38.056621,business,LOW,STUDENT,33714,False
ACC100081,CUST100081,2022-03-27 23:29:38.056621,individual,LOW,SELF_EMP,16152,False
ACC100082,CUST100082,2021-11-27 23:29:38.056621,individual,LOW,SELF_EMP,13546,False
ACC100083,CUST100083,2022-07-18 23:29:38.056621,individual,LOW,STUDENT,22919,False
ACC100084,CUST100084,2025-10-16 23:29:38.056621,individual,LOW,SELF_EMP,21938,False
ACC100085,CUST100085,2022-07-09 23:29:38.056621,individual,LOW,UNKNOWN,46164,False
ACC100086,CUST100086,2023-10-15 23:29:38.056621,individual,LOW,UNKNOWN,15909,False
ACC100087,CUST100087,2023-07-30 23:29:38.056621,individual,LOW,STUDENT,17265,False
ACC100088,CUST100088,2022-01-31 23:29:38.056621,individual,HIGH,UNKNOWN,28295,True
ACC100089,CUST100089,2022-12-20 23:29:38.056621,individual,LOW,STUDENT,13510,False
ACC100090,CUST100090,2021-11-22 23:29:38.056621,individual,HIGH,STUDENT,22169,True
ACC100091,CUST100091,2025-08-16 23:29:38.056621,individual,LOW,SELF_EMP,14216,False
ACC100092,CUST100092,2022-02-22 23:29:38.057628,individual,HIGH,STUDENT,15341,True
ACC100093,CUST100093,2024-06-26 23:29:38.057628,business,LOW,UNKNOWN,74378,False
ACC100094,CUST100094,2022-06-30 23:29:38.057628,individual,LOW,UNKNOWN,32254,False
ACC100095,CUST100095,2024-12-29 23:29:38.057628,individual,LOW,SALARIED,30302,False
ACC100096,CUST100096,2023-11-06 23:29:38.057628,individual,LOW,UNKNOWN,12025,False
ACC100097,CUST100097,2023-04-02 23:29:38.057628,individual,LOW,SELF_EMP,9830,False
ACC100098,CUST100098,2025-04-21 23:29:38.057628,individual,LOW,STUDENT,35776,False
ACC100099,CUST100099,2022-11-09 23:29:38.057628,individual,LOW,UNKNOWN,31583,False
ACC100100,CUST100100,2025-09-27 23:29:38.058132,individual,LOW,SALARIED,32160,False
ACC100101,CUST100101,2026-01-24 23:29:38.058132,individual,LOW,SALARIED,13889,False
ACC100102,CUST100102,2021-08-09 23:29:38.058132,individual,LOW,STUDENT,19256,False
ACC100103,CUST100103,2023-05-02 23:29:38.058132,individual,LOW,UNKNOWN,17677,False
ACC100104,CUST100104,2022-05-06 23:29:38.058132,business,LOW,UNKNOWN,18682,False
ACC100105,CUST100105,2022-02-10 23:29:38.058132,individual,LOW,SALARIED,17411,False
ACC100106,CUST100106,2022-09-19 23:29:38.058132,individual,LOW,UNKNOWN,19634,False
ACC100107,CUST100107,2026-01-10 23:29:38.058132,individual,LOW,UNKNOWN,30153,False
ACC100108,CUST100108,2024-10-16 23:29:38.058132,individual,LOW,STUDENT,19255,False
ACC100109,CUST100109,2024-02-12 23:29:38.058132,individual,LOW,UNKNOWN,12666,False
ACC100110,CUST100110,2023-05-23 23:29:38.058132,individual,LOW,UNKNOWN,44103,False
ACC100111,CUST100111,2022-01-14 23:29:38.058132,individual,HIGH,SALARIED,5827,True
ACC100112,CUST100112,2024-11-18 23:29:38.058132,business,LOW,SELF_EMP,40582,False
ACC100113,CUST100113,2022-02-23 23:29:38.058132,individual,LOW,UNKNOWN,7426,False
ACC100114,CUST100114,2024-01-31 23:29:38.058132,individual,LOW,STUDENT,12829,False
ACC100115,CUST100115,2022-04-01 23:29:38.058132,individual,LOW,SALARIED,29970,False
ACC100116,CUST100116,2022-12-19 23:29:38.059139,individual,LOW,SALARIED,17513,False
ACC100117,CUST100117,2021-12-03 23:29:38.059139,business,LOW,STUDENT,37959,False
ACC100118,CUST100118,2022-09-20 23:29:38.059139,individual,LOW,SELF_EMP,21329,False
ACC100119,CUST100119,2026-01-31 23:29:38.059139,individual,LOW,UNKNOWN,11255,False
ACC100120,CUST100120,2023-07-16 23:29:38.059139,business,LOW,UNKNOWN,24292,False
ACC100121,CUST100121,2026-01-08 23:29:38.059139,individual,LOW,STUDENT,13504,False
ACC100122,CUST100122,2021-12-27 23:29:38.059139,individual,LOW,SALARIED,20352,False
ACC100123,CUST100123,2022-06-29 23:29:38.059645,individual,LOW,STUDENT,32968,False
ACC100124,CUST100124,2025-12-11 23:29:38.059645,individual,LOW,SELF_EMP,28868,False
ACC100125,CUST100125,2021-04-08 23:29:38.059645,individual,LOW,SALARIED,23540,False
ACC100126,CUST100126,2022-09-12 23:29:38.059645,individual,LOW,SELF_EMP,24098,False
ACC100127,CUST100127,2022-02-06 23:29:38.059645,individual,LOW,SELF_EMP,18630,False
ACC100128,CUST100128,2022-06-03 23:29:38.059645,business,LOW,SALARIED,11388,False
ACC100129,CUST100129,2024-02-25 23:29:38.059645,individual,LOW,SELF_EMP,19670,False
ACC100130,CUST100130,2024-12-30 23:29:38.059645,individual,LOW,SALARIED,23196,False
ACC100131,CUST100131,2023-09-05 23:29:38.059645,individual,HIGH,SELF_EMP,16861,True
ACC100132,CUST100132,2024-05-30 23:29:38.059645,individual,LOW,SELF_EMP,43404,False
ACC100133,CUST100133,2022-10-28 23:29:38.059645,business,HIGH,SALARIED,5674,True
ACC100134,CUST100134,2026-01-19 23:29:38.059645,individual,LOW,SELF_EMP,36898,False
ACC100135,CUST100135,2022-02-25 23:29:38.059645,individual,HIGH,SELF_EMP,10479,True
ACC100136,CUST100136,2025-03-01 23:29:38.059645,individual,LOW,UNKNOWN,19280,False
ACC100137,CUST100137,2025-04-17 23:29:38.059645,individual,LOW,SELF_EMP,15799,False
ACC100138,CUST100138,2022-06-19 23:29:38.059645,individual,HIGH,STUDENT,36031,True
ACC100139,CUST100139,2021-09-19 23:29:38.060651,individual,LOW,SELF_EMP,19791,False
ACC100140,CUST100140,2021-03-05 23:29:38.060651,individual,LOW,STUDENT,16015,False
ACC100141,CUST100141,2021-12-13 23:29:38.060651,individual,LOW,SALARIED,39915,False
ACC100142,CUST100142,2023-06-28 23:29:38.060651,individual,LOW,SALARIED,20608,False
ACC100143,CUST100143,2022-03-18 23:29:38.060651,business,LOW,UNKNOWN,38670,False
ACC100144,CUST100144,2022-05-29 23:29:38.060651,individual,LOW,SALARIED,34674,False
ACC100145,CUST100145,2025-11-04 23:29:38.060651,business,LOW,STUDENT,22425,False
ACC100146,CUST100146,2021-03-31 23:29:38.060651,individual,LOW,SALARIED,15921,False
ACC100147,CUST100147,2021-10-13 23:29:38.061156,individual,HIGH,SALARIED,28008,True
ACC100148,CUST100148,2026-01-18 23:29:38.061156,individual,LOW,SELF_EMP,24234,False
ACC100149,CUST100149,2022-08-27 23:29:38.061156,individual,HIGH,STUDENT,22543,True
ACC100150,CUST100150,2023-03-31 23:29:38.061156,individual,LOW,STUDENT,20066,False
ACC100151,CUST100151,2024-03-02 23:29:38.061156,business,HIGH,STUDENT,17991,True
ACC100152,CUST100152,2023-07-03 23:29:38.061156,individual,LOW,SALARIED,20629,False
ACC100153,CUST100153,2025-08-31 23:29:38.061156,individual,LOW,STUDENT,7961,False
ACC100154,CUST100154,2023-09-19 23:29:38.061156,individual,LOW,SALARIED,30488,False
ACC100155,CUST100155,2023-07-16 23:29:38.061156,individual,LOW,SALARIED,20960,False
ACC100156,CUST100156,2023-05-26 23:29:38.061156,individual,LOW,UNKNOWN,11993,False
ACC100157,CUST100157,2025-02-20 23:29:38.061156,individual,LOW,UNKNOWN,23792,False
ACC100158,CUST100158,2024-09-01 23:29:38.061156,individual,LOW,SALARIED,10796,False
ACC100159,CUST100159,2021-04-30 23:29:38.061156,individual,LOW,SALARIED,29824,False
ACC100160,CUST100160,2023-11-26 23:29:38.061156,individual,LOW,SELF_EMP,36745,False
ACC100161,CUST100161,2022-01-09 23:29:38.061156,individual,LOW,UNKNOWN,12748,False
ACC100162,CUST100162,2023-01-04 23:29:38.061156,individual,LOW,STUDENT,17403,False
ACC100163,CUST100163,2022-06-16 23:29:38.062163,individual,LOW,UNKNOWN,37705,False
ACC100164,CUST100164,2021-05-27 23:29:38.062163,individual,LOW,UNKNOWN,26528,False
ACC100165,CUST100165,2024-12-21 23:29:38.062163,individual,LOW,UNKNOWN,20212,False
ACC100166,CUST100166,2022-08-17 23:29:38.062163,individual,HIGH,STUDENT,18974,True
ACC100167,CUST100167,2025-04-03 23:29:38.062163,individual,LOW,SALARIED,64979,False
ACC100168,CUST100168,2025-12-31 23:29:38.062163,business,LOW,UNKNOWN,12532,False
ACC100169,CUST100169,2025-08-29 23:29:38.062163,business,LOW,UNKNOWN,29206,False
ACC100170,CUST100170,2022-12-21 23:29:38.062163,business,LOW,SALARIED,10087,False
ACC100171,CUST100171,2023-08-08 23:29:38.062667,individual,LOW,SALARIED,59926,False
ACC100172,CUST100172,2023-05-06 23:29:38.062667,business,LOW,SELF_EMP,25897,False
ACC100173,CUST100173,2025-09-27 23:29:38.062667,individual,LOW,UNKNOWN,19039,False
ACC100174,CUST100174,2025-04-09 23:29:38.062667,individual,LOW,SALARIED,17433,False
ACC100175,CUST100175,2021-02-28 23:29:38.062667,individual,LOW,STUDENT,26193,False
ACC100176,CUST100176,2022-12-31 23:29:38.062667,individual,LOW,STUDENT,11518,False
ACC100177,CUST100177,2022-04-15 23:29:38.062667,individual,LOW,SELF_EMP,10339,False
ACC100178,CUST100178,2024-10-07 23:29:38.062667,individual,LOW,UNKNOWN,11864,False
ACC100179,CUST100179,2022-09-13 23:29:38.062667,business,LOW,SALARIED,30170,False
ACC100180,CUST100180,2022-06-27 23:29:38.062667,individual,LOW,STUDENT,7625,False
ACC100181,CUST100181,2023-04-09 23:29:38.062667,individual,LOW,SELF_EMP,25501,False
ACC100182,CUST100182,2022-09-11 23:29:38.062667,individual,LOW,UNKNOWN,34031,False
ACC100183,CUST100183,2024-06-26 23:29:38.062667,individual,LOW,STUDENT,28221,False
ACC100184,CUST100184,2022-09-09 23:29:38.062667,individual,LOW,SELF_EMP,33509,False
ACC100185,CUST100185,2024-06-29 23:29:38.062667,business,LOW,SALARIED,54594,False
ACC100186,CUST100186,2025-01-03 23:29:38.062667,business,LOW,STUDENT,34569,False
ACC100187,CUST100187,2023-02-11 23:29:38.063674,individual,LOW,UNKNOWN,20549,False
ACC100188,CUST100188,2022-07-24 23:29:38.063674,individual,LOW,STUDENT,11538,False
ACC100189,CUST100189,2022-01-22 23:29:38.063674,business,LOW,SALARIED,16309,False
ACC100190,CUST100190,2022-05-26 23:29:38.063674,individual,LOW,SALARIED,44008,False
ACC100191,CUST100191,2025-01-01 23:29:38.063674,individual,HIGH,SELF_EMP,29200,True
ACC100192,CUST100192,2021-09-30 23:29:38.063674,individual,LOW,SALARIED,9447,False
ACC100193,CUST100193,2024-06-25 23:29:38.063674,individual,HIGH,UNKNOWN,20969,True
ACC100194,CUST100194,2022-08-19 23:29:38.063674,individual,LOW,UNKNOWN,16471,False
ACC100195,CUST100195,2022-10-27 23:29:38.064179,individual,LOW,STUDENT,14076,False
ACC100196,CUST100196,2021-07-23 23:29:38.064179,individual,LOW,STUDENT,12968,False
ACC100197,CUST100197,2021-08-13 23:29:38.064179,individual,LOW,SALARIED,27966,False
ACC100198,CUST100198,2022-09-03 23:29:38.064179,individual,HIGH,SALARIED,28629,True
ACC100199,CUST100199,2022-11-08 23:29:38.064179,individual,LOW,SALARIED,15253,False
ACC100200,CUST100200,2021-10-10 23:29:38.064179,business,HIGH,SALARIED,27099,True
ACC100201,CUST100201,2025-04-22 23:29:38.064179,individual,HIGH,STUDENT,14970,True
ACC100202,CUST100202,2024-07-23 23:29:38.064179,individual,LOW,UNKNOWN,16427,False
ACC100203,CUST100203,2021-10-02 23:29:38.064179,business,LOW,SELF_EMP,19954,False
ACC100204,CUST100204,2024-04-13 23:29:38.064179,individual,LOW,STUDENT,8303,False
ACC100205,CUST100205,2023-04-05 23:29:38.064179,individual,HIGH,STUDENT,16083,True
ACC100206,CUST100206,2025-04-24 23:29:38.064179,business,LOW,UNKNOWN,15113,False
ACC100207,CUST100207,2021-10-14 23:29:38.064179,individual,LOW,SELF_EMP,32684,False
ACC100208,CUST100208,2022-10-19 23:29:38.064179,business,LOW,UNKNOWN,8794,False
ACC100209,CUST100209,2025-02-27 23:29:38.064179,individual,LOW,SALARIED,28395,False
ACC100210,CUST100210,2022-01-10 23:29:38.064179,individual,HIGH,SELF_EMP,26543,True
ACC100211,CUST100211,2023-09-29 23:29:38.065185,individual,HIGH,STUDENT,59932,True
ACC100212,CUST100212,2025-11-01 23:29:38.065185,individual,LOW,SALARIED,8229,False
ACC100213,CUST100213,2022-12-21 23:29:38.065185,individual,LOW,SALARIED,19749,False
ACC100214,CUST100214,2024-08-10 23:29:38.065695,individual,LOW,SALARIED,24857,False
ACC100215,CUST100215,2023-02-16 23:29:38.065695,individual,HIGH,SALARIED,13564,True
ACC100216,CUST100216,2022-05-23 23:29:38.065695,individual,LOW,SALARIED,16616,False
ACC100217,CUST100217,2025-10-26 23:29:38.065695,individual,LOW,SALARIED,17935,False
ACC100218,CUST100218,2024-09-03 23:29:38.066201,business,LOW,SELF_EMP,11120,False
ACC100219,CUST100219,2024-12-26 23:29:38.066201,individual,HIGH,SALARIED,19685,True
ACC100220,CUST100220,2025-08-15 23:29:38.066201,individual,LOW,SELF_EMP,12122,False
ACC100221,CUST100221,2025-08-05 23:29:38.066201,individual,LOW,SELF_EMP,28464,False
ACC100222,CUST100222,2026-01-14 23:29:38.066201,individual,LOW,UNKNOWN,14222,False
ACC100223,CUST100223,2021-10-04 23:29:38.066201,individual,LOW,UNKNOWN,7057,False
ACC100224,CUST100224,2023-07-05 23:29:38.066201,individual,LOW,SELF_EMP,13706,False
ACC100225,CUST100225,2025-11-09 23:29:38.066201,business,LOW,SALARIED,7473,False
ACC100226,CUST100226,2025-02-03 23:29:38.066201,individual,LOW,UNKNOWN,14746,False
ACC100227,CUST100227,2023-12-24 23:29:38.066201,individual,LOW,SALARIED,42167,False
ACC100228,CUST100228,2023-06-18 23:29:38.066201,individual,LOW,SALARIED,29838,False
ACC100229,CUST100229,2023-12-30 23:29:38.066201,individual,LOW,UNKNOWN,42428,False
ACC100230,CUST100230,2023-08-27 23:29:38.066201,individual,HIGH,UNKNOWN,31981,True
ACC100231,CUST100231,2023-10-12 23:29:38.066201,individual,LOW,UNKNOWN,29635,False
ACC100232,CUST100232,2021-07-25 23:29:38.066201,individual,LOW,SALARIED,33868,False
ACC100233,CUST100233,2025-04-08 23:29:38.067208,business,LOW,STUDENT,16456,False
ACC100234,CUST100234,2025-04-27 23:29:38.067208,individual,LOW,STUDENT,26898,False
ACC100235,CUST100235,2024-03-10 23:29:38.067208,individual,LOW,UNKNOWN,15903,False
ACC100236,CUST100236,2025-02-07 23:29:38.067208,individual,HIGH,SALARIED,16136,True
ACC100237,CUST100237,2023-09-14 23:29:38.067208,individual,LOW,STUDENT,27974,False
ACC100238,CUST100238,2024-06-16 23:29:38.067208,individual,LOW,UNKNOWN,25310,False
ACC100239,CUST100239,2023-03-28 23:29:38.067208,individual,LOW,SALARIED,45588,False
ACC100240,CUST100240,2024-08-17 23:29:38.067208,individual,LOW,SALARIED,52233,False
ACC100241,CUST100241,2021-03-06 23:29:38.067208,individual,LOW,SALARIED,18037,False
ACC100242,CUST100242,2023-02-21 23:29:38.067208,individual,LOW,SALARIED,23464,False
ACC100243,CUST100243,2023-08-04 23:29:38.067208,individual,LOW,SALARIED,15615,False
ACC100244,CUST100244,2026-01-16 23:29:38.067208,business,LOW,SALARIED,29046,False
ACC100245,CUST100245,2024-10-16 23:29:38.067208,individual,HIGH,SALARIED,17207,True
ACC100246,CUST100246,2025-11-18 23:29:38.067208,individual,LOW,UNKNOWN,19668,False
ACC100247,CUST100247,2021-07-31 23:29:38.067208,individual,LOW,UNKNOWN,13633,False
ACC100248,CUST100248,2023-02-02 23:29:38.067208,individual,HIGH,SELF_EMP,28475,True
ACC100249,CUST100249,2023-12-05 23:29:38.067208,business,LOW,UNKNOWN,16876,False
ACC100250,CUST100250,2025-05-10 23:29:38.067208,individual,LOW,UNKNOWN,13670,False
ACC100251,CUST100251,2021-08-06 23:29:38.067208,business,HIGH,SELF_EMP,13673,True
ACC100252,CUST100252,2024-04-03 23:29:38.067208,individual,LOW,UNKNOWN,20426,False
ACC100253,CUST100253,2023-08-23 23:29:38.067208,individual,LOW,STUDENT,19565,False
ACC100254,CUST100254,2023-10-05 23:29:38.067208,individual,HIGH,STUDENT,11309,True
ACC100255,CUST100255,2024-06-16 23:29:38.067208,individual,LOW,UNKNOWN,73673,False
ACC100256,CUST100256,2024-06-04 23:29:38.067208,individual,HIGH,UNKNOWN,11283,True
ACC100257,CUST100257,2024-05-08 23:29:38.067208,individual,HIGH,UNKNOWN,29021,True
ACC100258,CUST100258,2025-01-09 23:29:38.068797,individual,LOW,UNKNOWN,16086,False
ACC100259,CUST100259,2022-04-01 23:29:38.068797,individual,LOW,SELF_EMP,29769,False
ACC100260,CUST100260,2023-04-29 23:29:38.068797,individual,LOW,SELF_EMP,22963,False
ACC100261,CUST100261,2021-09-08 23:29:38.068797,individual,LOW,UNKNOWN,34222,False
ACC100262,CUST100262,2023-01-03 23:29:38.068797,individual,LOW,UNKNOWN,32295,False
ACC100263,CUST100263,2025-04-27 23:29:38.068797,individual,LOW,SELF_EMP,20012,False
ACC100264,CUST100264,2023-05-21 23:29:38.068797,individual,LOW,STUDENT,16724,False
ACC100265,CUST100265,2022-12-09 23:29:38.068797,individual,LOW,SALARIED,35317,False
ACC100266,CUST100266,2021-10-27 23:29:38.068797,business,LOW,UNKNOWN,14314,False
ACC100267,CUST100267,2021-12-26 23:29:38.068797,individual,LOW,STUDENT,26417,False
ACC100268,CUST100268,2023-05-29 23:29:38.068797,individual,LOW,SALARIED,12647,False
ACC100269,CUST100269,2022-02-24 23:29:38.068797,individual,LOW,SALARIED,14473,False
ACC100270,CUST100270,2023-10-21 23:29:38.068797,individual,LOW,STUDENT,10309,False
ACC100271,CUST100271,2023-07-14 23:29:38.068797,individual,LOW,UNKNOWN,41024,False
ACC100272,CUST100272,2025-09-14 23:29:38.068797,individual,LOW,SALARIED,43823,False
ACC100273,CUST100273,2022-03-12 23:29:38.068797,business,LOW,UNKNOWN,36544,False
ACC100274,CUST100274,2025-09-15 23:29:38.068797,business,LOW,UNKNOWN,10092,False
ACC100275,CUST100275,2024-05-31 23:29:38.068797,individual,HIGH,STUDENT,10785,True
ACC100276,CUST100276,2021-07-20 23:29:38.068797,individual,LOW,SELF_EMP,36373,False
ACC100277,CUST100277,2025-04-24 23:29:38.068797,individual,HIGH,UNKNOWN,61600,True
ACC100278,CUST100278,2025-11-28 23:29:38.068797,individual,LOW,SELF_EMP,30570,False
ACC100279,CUST100279,2023-02-14 23:29:38.068797,individual,LOW,STUDENT,47280,False
ACC100280,CUST100280,2023-04-28 23:29:38.068797,individual,LOW,STUDENT,26206,False
ACC100281,CUST100281,2022-06-20 23:29:38.068797,individual,HIGH,STUDENT,39409,True
ACC100282,CUST100282,2024-08-20 23:29:38.068797,individual,LOW,STUDENT,18499,False
ACC100283,CUST100283,2024-07-05 23:29:38.070336,individual,HIGH,SALARIED,18443,True
ACC100284,CUST100284,2025-04-27 23:29:38.070336,individual,LOW,SELF_EMP,23227,False
ACC100285,CUST100285,2022-06-30 23:29:38.070336,individual,LOW,STUDENT,17417,False
ACC100286,CUST100286,2025-02-28 23:29:38.070336,individual,LOW,STUDENT,18871,False
ACC100287,CUST100287,2023-11-10 23:29:38.070336,individual,LOW,UNKNOWN,15122,False
ACC100288,CUST100288,2026-02-03 23:29:38.070336,individual,LOW,SELF_EMP,18041,False
ACC100289,CUST100289,2022-06-20 23:29:38.070336,individual,LOW,STUDENT,15891,False
ACC100290,CUST100290,2022-05-28 23:29:38.070336,individual,LOW,SELF_EMP,49321,False
ACC100291,CUST100291,2025-03-09 23:29:38.070336,business,LOW,SELF_EMP,34489,False
ACC100292,CUST100292,2024-02-22 23:29:38.070336,individual,LOW,STUDENT,12451,False
ACC100293,CUST100293,2022-05-02 23:29:38.070336,individual,LOW,SALARIED,22101,False
ACC100294,CUST100294,2022-07-12 23:29:38.070336,individual,LOW,STUDENT,8269,False
ACC100295,CUST100295,2025-01-25 23:29:38.070336,individual,LOW,SALARIED,31771,False
ACC100296,CUST100296,2024-07-24 23:29:38.070336,individual,LOW,STUDENT,8869,False
ACC100297,CUST100297,2026-01-28 23:29:38.070336,individual,LOW,SALARIED,15574,False
ACC100298,CUST100298,2025-01-05 23:29:38.070336,individual,LOW,UNKNOWN,41640,False
ACC100299,CUST100299,2023-10-25 23:29:38.070336,business,LOW,SELF_EMP,17169,False
ACC100300,CUST100300,2025-05-18 23:29:38.070336,individual,HIGH,SELF_EMP,9102,True
ACC100301,CUST100301,2025-10-03 23:29:38.070336,individual,LOW,STUDENT,10662,False
ACC100302,CUST100302,2023-05-03 23:29:38.070336,business,HIGH,STUDENT,10200,True
ACC100303,CUST100303,2023-07-03 23:29:38.070336,individual,LOW,SALARIED,10476,False
ACC100304,CUST100304,2022-03-28 23:29:38.070336,individual,LOW,SALARIED,23990,False
ACC100305,CUST100305,2021-03-14 23:29:38.070336,business,LOW,SALARIED,41361,False
ACC100306,CUST100306,2025-08-24 23:29:38.070336,individual,LOW,SALARIED,21696,False
ACC100307,CUST100307,2021-06-25 23:29:38.071951,business,LOW,SALARIED,16583,False
ACC100308,CUST100308,2022-06-17 23:29:38.071951,business,LOW,STUDENT,20695,False
ACC100309,CUST100309,2025-01-01 23:29:38.071951,individual,LOW,SELF_EMP,12255,False
ACC100310,CUST100310,2023-12-25 23:29:38.071951,individual,LOW,SALARIED,28582,False
ACC100311,CUST100311,2023-09-07 23:29:38.071951,individual,HIGH,SELF_EMP,30412,True
ACC100312,CUST100312,2026-01-13 23:29:38.071951,individual,LOW,SELF_EMP,34294,False
ACC100313,CUST100313,2025-07-25 23:29:38.071951,individual,LOW,STUDENT,32681,False
ACC100314,CUST100314,2022-05-25 23:29:38.071951,business,LOW,UNKNOWN,35474,False
ACC100315,CUST100315,2025-07-31 23:29:38.071951,individual,HIGH,SALARIED,28468,True
ACC100316,CUST100316,2022-04-24 23:29:38.071951,individual,HIGH,SALARIED,35629,True
ACC100317,CUST100317,2021-09-21 23:29:38.071951,individual,LOW,SALARIED,12535,False
ACC100318,CUST100318,2024-11-11 23:29:38.071951,individual,HIGH,SALARIED,20138,True
ACC100319,CUST100319,2023-03-21 23:29:38.071951,individual,LOW,STUDENT,22954,False
ACC100320,CUST100320,2025-03-04 23:29:38.071951,individual,HIGH,UNKNOWN,14366,True
ACC100321,CUST100321,2025-08-28 23:29:38.071951,individual,LOW,STUDENT,26043,False
ACC100322,CUST100322,2022-01-06 23:29:38.071951,individual,LOW,SALARIED,26801,False
ACC100323,CUST100323,2021-10-03 23:29:38.071951,individual,LOW,SALARIED,17077,False
ACC100324,CUST100324,2021-07-05 23:29:38.071951,individual,LOW,SELF_EMP,14339,False
ACC100325,CUST100325,2023-11-08 23:29:38.071951,business,LOW,SELF_EMP,38669,False
ACC100326,CUST100326,2021-04-18 23:29:38.071951,individual,LOW,UNKNOWN,6506,False
ACC100327,CUST100327,2024-08-30 23:29:38.071951,individual,LOW,SALARIED,20596,False
ACC100328,CUST100328,2023-09-17 23:29:38.071951,business,LOW,SALARIED,21987,False
ACC100329,CUST100329,2023-08-27 23:29:38.071951,individual,LOW,UNKNOWN,13561,False
ACC100330,CUST100330,2023-06-28 23:29:38.071951,individual,LOW,SELF_EMP,18300,False
ACC100331,CUST100331,2022-07-28 23:29:38.071951,individual,HIGH,SELF_EMP,63063,True
ACC100332,CUST100332,2025-06-22 23:29:38.073493,individual,LOW,SALARIED,18689,False
ACC100333,CUST100333,2024-07-26 23:29:38.073493,individual,LOW,SELF_EMP,29780,False
ACC100334,CUST100334,2026-01-18 23:29:38.073493,individual,LOW,UNKNOWN,6117,False
ACC100335,CUST100335,2025-06-19 23:29:38.073493,individual,LOW,STUDENT,20019,False
ACC100336,CUST100336,2021-06-12 23:29:38.073493,business,LOW,SELF_EMP,30835,False
ACC100337,CUST100337,2021-07-18 23:29:38.073493,individual,LOW,UNKNOWN,29611,False
ACC100338,CUST100338,2023-05-28 23:29:38.073493,individual,LOW,SALARIED,41397,False
ACC100339,CUST100339,2023-01-28 23:29:38.073493,individual,LOW,STUDENT,24097,False
ACC100340,CUST100340,2025-05-02 23:29:38.073493,individual,LOW,UNKNOWN,33523,False
ACC100341,CUST100341,2022-06-20 23:29:38.073493,individual,LOW,STUDENT,59325,False
ACC100342,CUST100342,2024-07-20 23:29:38.073493,individual,LOW,SELF_EMP,14684,False
ACC100343,CUST100343,2026-01-30 23:29:38.073493,individual,LOW,SALARIED,11745,False
ACC100344,CUST100344,2025-05-03 23:29:38.073493,individual,LOW,SELF_EMP,22068,False
ACC100345,CUST100345,2022-09-06 23:29:38.073493,individual,LOW,SELF_EMP,9767,False
ACC100346,CUST100346,2021-09-12 23:29:38.073493,individual,LOW,UNKNOWN,17771,False
ACC100347,CUST100347,2025-05-06 23:29:38.073493,individual,LOW,UNKNOWN,29562,False
ACC100348,CUST100348,2022-07-18 23:29:38.073493,individual,LOW,SELF_EMP,14600,False
ACC100349,CUST100349,2022-04-30 23:29:38.073493,individual,LOW,UNKNOWN,42551,False
ACC100350,CUST100350,2021-10-16 23:29:38.073493,business,LOW,UNKNOWN,38904,False
ACC100351,CUST100351,2023-07-06 23:29:38.073493,individual,LOW,STUDENT,26233,False
ACC100352,CUST100352,2025-03-14 23:29:38.073493,individual,HIGH,SELF_EMP,126492,True
ACC100353,CUST100353,2023-03-31 23:29:38.073493,individual,LOW,SELF_EMP,10596,False
ACC100354,CUST100354,2021-05-02 23:29:38.073493,individual,LOW,UNKNOWN,22184,False
ACC100355,CUST100355,2024-02-02 23:29:38.073493,individual,HIGH,SELF_EMP,13670,True
ACC100356,CUST100356,2025-03-14 23:29:38.075113,individual,LOW,SELF_EMP,19752,False
ACC100357,CUST100357,2022-12-29 23:29:38.075113,individual,LOW,UNKNOWN,12640,False
ACC100358,CUST100358,2022-07-11 23:29:38.075113,individual,HIGH,SALARIED,5990,True
ACC100359,CUST100359,2022-08-12 23:29:38.075113,individual,LOW,UNKNOWN,24330,False
ACC100360,CUST100360,2021-07-06 23:29:38.075113,individual,LOW,SALARIED,15711,False
ACC100361,CUST100361,2023-10-14 23:29:38.075113,individual,LOW,SALARIED,22405,False
ACC100362,CUST100362,2022-03-02 23:29:38.075113,individual,LOW,STUDENT,40016,False
ACC100363,CUST100363,2024-09-18 23:29:38.075113,business,LOW,SALARIED,13486,False
ACC100364,CUST100364,2021-12-23 23:29:38.075113,individual,HIGH,SELF_EMP,9189,True
ACC100365,CUST100365,2024-01-13 23:29:38.075113,individual,LOW,UNKNOWN,23542,False
ACC100366,CUST100366,2022-04-04 23:29:38.075113,individual,LOW,SELF_EMP,19202,False
ACC100367,CUST100367,2024-07-02 23:29:38.075113,individual,LOW,SALARIED,24592,False
ACC100368,CUST100368,2023-06-17 23:29:38.075113,individual,LOW,UNKNOWN,49864,False
ACC100369,CUST100369,2022-02-22 23:29:38.075113,individual,LOW,UNKNOWN,7542,False
ACC100370,CUST100370,2025-03-02 23:29:38.075113,individual,LOW,UNKNOWN,28291,False
ACC100371,CUST100371,2024-02-19 23:29:38.075113,individual,LOW,UNKNOWN,22581,False
ACC100372,CUST100372,2023-10-18 23:29:38.075113,individual,LOW,STUDENT,26589,False
ACC100373,CUST100373,2024-09-22 23:29:38.075113,individual,LOW,STUDENT,33021,False
ACC100374,CUST100374,2024-07-15 23:29:38.075113,individual,LOW,STUDENT,10288,False
ACC100375,CUST100375,2026-01-16 23:29:38.075113,individual,LOW,UNKNOWN,38420,False
ACC100376,CUST100376,2021-11-07 23:29:38.075113,individual,LOW,SELF_EMP,38511,False
ACC100377,CUST100377,2025-02-08 23:29:38.075113,business,LOW,SALARIED,45444,False
ACC100378,CUST100378,2021-12-29 23:29:38.075113,individual,HIGH,STUDENT,46948,True
ACC100379,CUST100379,2025-07-11 23:29:38.075113,individual,LOW,SELF_EMP,16208,False
ACC100380,CUST100380,2022-12-30 23:29:38.075113,individual,HIGH,STUDENT,16758,True
ACC100381,CUST100381,2022-07-08 23:29:38.076659,individual,HIGH,STUDENT,19228,True
ACC100382,CUST100382,2023-08-28 23:29:38.076659,business,LOW,SALARIED,29019,False
ACC100383,CUST100383,2023-11-10 23:29:38.076659,individual,LOW,UNKNOWN,26115,False
ACC100384,CUST100384,2021-11-26 23:29:38.076659,individual,LOW,SELF_EMP,14296,False
ACC100385,CUST100385,2023-08-04 23:29:38.076659,individual,LOW,STUDENT,20527,False
ACC100386,CUST100386,2022-06-07 23:29:38.076659,individual,LOW,UNKNOWN,13540,False
ACC100387,CUST100387,2025-05-05 23:29:38.076659,individual,LOW,SELF_EMP,8615,False
ACC100388,CUST100388,2024-03-15 23:29:38.076659,individual,LOW,STUDENT,23793,False
ACC100389,CUST100389,2021-05-23 23:29:38.076659,individual,LOW,UNKNOWN,51842,False
ACC100390,CUST100390,2024-12-11 23:29:38.076659,individual,LOW,SALARIED,16269,False
ACC100391,CUST100391,2022-09-15 23:29:38.076659,individual,LOW,STUDENT,52035,False
ACC100392,CUST100392,2022-03-28 23:29:38.076659,individual,LOW,UNKNOWN,52818,False
ACC100393,CUST100393,2025-04-07 23:29:38.076659,individual,LOW,SALARIED,13238,False
ACC100394,CUST100394,2022-06-02 23:29:38.076659,individual,LOW,UNKNOWN,7537,False
ACC100395,CUST100395,2024-05-23 23:29:38.076659,individual,LOW,STUDENT,28750,False
ACC100396,CUST100396,2024-05-15 23:29:38.076659,individual,LOW,SALARIED,10934,False
ACC100397,CUST100397,2024-11-04 23:29:38.076659,individual,LOW,STUDENT,22184,False
ACC100398,CUST100398,2023-03-30 23:29:38.076659,individual,LOW,UNKNOWN,35879,False
ACC100399,CUST100399,2021-07-06 23:29:38.076659,individual,LOW,UNKNOWN,34864,False
ACC100400,CUST100400,2025-02-06 23:29:38.076659,individual,LOW,STUDENT,27566,False
ACC100401,CUST100401,2023-07-04 23:29:38.076659,individual,LOW,STUDENT,47955,False
ACC100402,CUST100402,2024-05-05 23:29:38.076659,individual,LOW,SELF_EMP,18622,False
ACC100403,CUST100403,2023-01-04 23:29:38.076659,individual,LOW,SELF_EMP,14842,False
ACC100404,CUST100404,2023-12-03 23:29:38.076659,individual,HIGH,STUDENT,19316,True
ACC100405,CUST100405,2024-09-23 23:29:38.076659,individual,LOW,UNKNOWN,26424,False
ACC100406,CUST100406,2023-07-08 23:29:38.078188,individual,LOW,UNKNOWN,18714,False
ACC100407,CUST100407,2024-09-04 23:29:38.078188,individual,LOW,UNKNOWN,21911,False
ACC100408,CUST100408,2025-03-06 23:29:38.078188,individual,LOW,SELF_EMP,40136,False
ACC100409,CUST100409,2025-12-26 23:29:38.078188,individual,LOW,UNKNOWN,17223,False
ACC100410,CUST100410,2024-07-23 23:29:38.078188,individual,LOW,SELF_EMP,30508,False
ACC100411,CUST100411,2022-09-28 23:29:38.078188,individual,LOW,UNKNOWN,12470,False
ACC100412,CUST100412,2021-10-23 23:29:38.078188,individual,LOW,STUDENT,37689,False
ACC100413,CUST100413,2024-02-08 23:29:38.078188,business,LOW,UNKNOWN,47244,False
ACC100414,CUST100414,2025-05-13 23:29:38.078188,individual,LOW,STUDENT,15148,False
ACC100415,CUST100415,2024-02-01 23:29:38.078188,business,LOW,STUDENT,9413,False
ACC100416,CUST100416,2022-06-03 23:29:38.078188,individual,HIGH,UNKNOWN,8873,True
ACC100417,CUST100417,2025-09-01 23:29:38.078188,individual,LOW,SELF_EMP,7809,False
ACC100418,CUST100418,2022-05-12 23:29:38.078188,individual,LOW,SELF_EMP,26237,False
ACC100419,CUST100419,2024-12-26 23:29:38.078188,individual,LOW,SELF_EMP,21721,False
ACC100420,CUST100420,2021-03-11 23:29:38.078188,individual,LOW,UNKNOWN,22788,False
ACC100421,CUST100421,2021-10-14 23:29:38.078188,individual,LOW,STUDENT,10768,False
ACC100422,CUST100422,2023-04-29 23:29:38.078188,business,LOW,SELF_EMP,13248,False
ACC100423,CUST100423,2024-06-16 23:29:38.078188,individual,LOW,SELF_EMP,19495,False
ACC100424,CUST100424,2025-03-02 23:29:38.079739,individual,HIGH,SALARIED,9175,True
ACC100425,CUST100425,2022-07-15 23:29:38.079739,individual,LOW,UNKNOWN,10262,False
ACC100426,CUST100426,2023-04-03 23:29:38.079739,individual,LOW,UNKNOWN,30114,False
ACC100427,CUST100427,2023-02-01 23:29:38.079739,individual,LOW,UNKNOWN,34290,False
ACC100428,CUST100428,2022-07-31 23:29:38.079739,individual,LOW,SALARIED,26958,False
ACC100429,CUST100429,2024-04-21 23:29:38.079739,individual,LOW,STUDENT,13213,False
ACC100430,CUST100430,2022-11-12 23:29:38.079739,individual,LOW,STUDENT,29578,False
ACC100431,CUST100431,2022-02-03 23:29:38.079739,individual,LOW,SELF_EMP,25171,False
ACC100432,CUST100432,2024-05-17 23:29:38.079739,individual,LOW,SALARIED,24282,False
ACC100433,CUST100433,2022-09-14 23:29:38.079739,individual,LOW,SALARIED,15075,False
ACC100434,CUST100434,2024-06-07 23:29:38.081399,individual,LOW,STUDENT,21659,False
ACC100435,CUST100435,2021-11-10 23:29:38.081399,individual,LOW,SELF_EMP,27649,False
ACC100436,CUST100436,2023-01-23 23:29:38.081399,business,LOW,UNKNOWN,20831,False
ACC100437,CUST100437,2025-10-17 23:29:38.081399,individual,LOW,UNKNOWN,14980,False
ACC100438,CUST100438,2025-08-22 23:29:38.081399,individual,LOW,UNKNOWN,18220,False
ACC100439,CUST100439,2022-12-10 23:29:38.081399,individual,LOW,STUDENT,26004,False
ACC100440,CUST100440,2025-10-21 23:29:38.081399,individual,LOW,UNKNOWN,34811,False
ACC100441,CUST100441,2023-07-14 23:29:38.081399,individual,LOW,SELF_EMP,16734,False
ACC100442,CUST100442,2021-04-16 23:29:38.081399,business,HIGH,SALARIED,19159,True
ACC100443,CUST100443,2022-05-25 23:29:38.081399,individual,LOW,SELF_EMP,33610,False
ACC100444,CUST100444,2023-04-24 23:29:38.081399,individual,LOW,SALARIED,25108,False
ACC100445,CUST100445,2021-06-14 23:29:38.081399,individual,LOW,UNKNOWN,11759,False
ACC100446,CUST100446,2024-06-06 23:29:38.081399,individual,LOW,SALARIED,33642,False
ACC100447,CUST100447,2025-01-13 23:29:38.081399,individual,LOW,UNKNOWN,19967,False
ACC100448,CUST100448,2025-01-17 23:29:38.081399,business,LOW,SALARIED,76091,False
ACC100449,CUST100449,2025-03-04 23:29:38.081399,individual,LOW,STUDENT,68431,False
ACC100450,CUST100450,2022-12-27 23:29:38.081399,individual,HIGH,STUDENT,31276,True
ACC100451,CUST100451,2024-02-13 23:29:38.081399,individual,LOW,STUDENT,24120,False
ACC100452,CUST100452,2021-08-01 23:29:38.081399,individual,LOW,SELF_EMP,38773,False
ACC100453,CUST100453,2024-07-19 23:29:38.081399,individual,LOW,STUDENT,32052,False
ACC100454,CUST100454,2021-02-06 23:29:38.081399,individual,LOW,SALARIED,14932,False
ACC100455,CUST100455,2025-10-20 23:29:38.081399,individual,LOW,UNKNOWN,31152,False
ACC100456,CUST100456,2023-07-04 23:29:38.081399,individual,LOW,STUDENT,20175,False
ACC100457,CUST100457,2023-10-02 23:29:38.081399,individual,LOW,UNKNOWN,30770,False
ACC100458,CUST100458,2021-10-14 23:29:38.083081,individual,LOW,SALARIED,12257,False
ACC100459,CUST100459,2025-04-02 23:29:38.083081,business,LOW,STUDENT,39082,False
ACC100460,CUST100460,2023-12-01 23:29:38.083081,individual,LOW,SELF_EMP,16285,False
ACC100461,CUST100461,2025-01-30 23:29:38.083081,business,LOW,SELF_EMP,19638,False
ACC100462,CUST100462,2021-11-22 23:29:38.083081,individual,LOW,SALARIED,15959,False
ACC100463,CUST100463,2022-04-22 23:29:38.083081,individual,LOW,STUDENT,8123,False
ACC100464,CUST100464,2022-07-09 23:29:38.083081,individual,LOW,STUDENT,30264,False
ACC100465,CUST100465,2025-08-05 23:29:38.083081,individual,LOW,SALARIED,12597,False
ACC100466,CUST100466,2021-12-22 23:29:38.083081,individual,LOW,SELF_EMP,26271,False
ACC100467,CUST100467,2023-05-27 23:29:38.083081,individual,LOW,STUDENT,16561,False
ACC100468,CUST100468,2021-06-23 23:29:38.083081,business,HIGH,STUDENT,25134,True
ACC100469,CUST100469,2026-01-30 23:29:38.083081,individual,HIGH,STUDENT,41613,True
ACC100470,CUST100470,2021-05-17 23:29:38.083081,individual,LOW,UNKNOWN,47013,False
ACC100471,CUST100471,2023-06-20 23:29:38.083081,individual,LOW,UNKNOWN,29764,False
ACC100472,CUST100472,2024-08-10 23:29:38.083081,individual,LOW,SELF_EMP,16526,False
ACC100473,CUST100473,2024-01-05 23:29:38.083081,individual,LOW,STUDENT,17855,False
ACC100474,CUST100474,2024-08-24 23:29:38.083081,individual,HIGH,SELF_EMP,39213,True
ACC100475,CUST100475,2025-11-24 23:29:38.083081,individual,LOW,UNKNOWN,16995,False
ACC100476,CUST100476,2024-12-24 23:29:38.083081,individual,LOW,UNKNOWN,16870,False
ACC100477,CUST100477,2024-01-12 23:29:38.083081,individual,LOW,STUDENT,24657,False
ACC100478,CUST100478,2023-05-07 23:29:38.083081,individual,LOW,SELF_EMP,29884,False
ACC100479,CUST100479,2022-06-04 23:29:38.083081,individual,LOW,SALARIED,23824,False
ACC100480,CUST100480,2023-11-19 23:29:38.083081,individual,LOW,SELF_EMP,14020,False
ACC100481,CUST100481,2022-07-04 23:29:38.084619,business,LOW,SALARIED,15457,False
ACC100482,CUST100482,2022-06-08 23:29:38.084619,individual,LOW,STUDENT,24652,False
ACC100483,CUST100483,2024-07-12 23:29:38.084619,individual,HIGH,UNKNOWN,31143,True
ACC100484,CUST100484,2026-01-29 23:29:38.084619,individual,LOW,STUDENT,25012,False
ACC100485,CUST100485,2023-04-11 23:29:38.084619,business,LOW,UNKNOWN,18287,False
ACC100486,CUST100486,2021-11-29 23:29:38.084619,individual,LOW,STUDENT,27606,False
ACC100487,CUST100487,2021-11-18 23:29:38.084619,business,LOW,SALARIED,18347,False
ACC100488,CUST100488,2022-10-24 23:29:38.084619,business,LOW,STUDENT,27494,False
ACC100489,CUST100489,2023-03-23 23:29:38.084619,individual,HIGH,SELF_EMP,12382,True
ACC100490,CUST100490,2021-02-28 23:29:38.084619,individual,HIGH,SELF_EMP,17500,True
ACC100491,CUST100491,2023-10-14 23:29:38.084619,business,HIGH,SALARIED,13680,True
ACC100492,CUST100492,2022-04-18 23:29:38.084619,individual,HIGH,SELF_EMP,20106,True
ACC100493,CUST100493,2021-12-29 23:29:38.084619,individual,LOW,SALARIED,22371,False
ACC100494,CUST100494,2021-03-12 23:29:38.084619,individual,HIGH,SALARIED,20961,True
ACC100495,CUST100495,2024-02-15 23:29:38.084619,business,LOW,UNKNOWN,16294,False
ACC100496,CUST100496,2025-07-24 23:29:38.084619,individual,LOW,UNKNOWN,5148,False
ACC100497,CUST100497,2025-04-25 23:29:38.084619,business,LOW,STUDENT,18262,False
ACC100498,CUST100498,2024-10-21 23:29:38.084619,individual,HIGH,UNKNOWN,20987,True
ACC100499,CUST100499,2023-04-30 23:29:38.084619,individual,LOW,SALARIED,17890,False
ACC100500,CUST100500,2021-06-09 23:29:38.084619,individual,LOW,UNKNOWN,28026,False
ACC100501,CUST100501,2024-07-04 23:29:38.084619,individual,LOW,SELF_EMP,15553,False
ACC100502,CUST100502,2025-07-25 23:29:38.084619,individual,LOW,SELF_EMP,9486,False
ACC100503,CUST100503,2023-01-19 23:29:38.084619,individual,LOW,STUDENT,7845,False
ACC100504,CUST100504,2023-05-19 23:29:38.084619,individual,HIGH,SALARIED,14284,True
ACC100505,CUST100505,2024-12-21 23:29:38.084619,individual,LOW,STUDENT,4360,False
ACC100506,CUST100506,2021-04-10 23:29:38.086149,business,LOW,STUDENT,31002,False
ACC100507,CUST100507,2025-08-03 23:29:38.086149,individual,HIGH,UNKNOWN,21424,True
ACC100508,CUST100508,2025-07-18 23:29:38.086149,individual,LOW,STUDENT,13360,False
ACC100509,CUST100509,2022-03-05 23:29:38.086149,individual,LOW,UNKNOWN,19563,False
ACC100510,CUST100510,2021-06-28 23:29:38.086149,individual,HIGH,UNKNOWN,31520,True
ACC100511,CUST100511,2022-02-21 23:29:38.086149,individual,LOW,STUDENT,7681,False
ACC100512,CUST100512,2022-03-13 23:29:38.086149,individual,LOW,STUDENT,33557,False
ACC100513,CUST100513,2025-01-04 23:29:38.086149,individual,LOW,SALARIED,14696,False
ACC100514,CUST100514,2025-01-28 23:29:38.086149,individual,HIGH,UNKNOWN,15061,True
ACC100515,CUST100515,2024-10-16 23:29:38.086149,individual,HIGH,SELF_EMP,25426,True
ACC100516,CUST100516,2021-11-22 23:29:38.086149,individual,LOW,SALARIED,23424,False
ACC100517,CUST100517,2024-05-04 23:29:38.086149,individual,LOW,UNKNOWN,34967,False
ACC100518,CUST100518,2022-12-27 23:29:38.086149,business,LOW,UNKNOWN,16631,False
ACC100519,CUST100519,2025-09-26 23:29:38.086149,individual,LOW,UNKNOWN,36582,False
ACC100520,CUST100520,2024-03-21 23:29:38.086149,business,LOW,UNKNOWN,53135,False
ACC100521,CUST100521,2023-03-05 23:29:38.086149,individual,LOW,UNKNOWN,22023,False
ACC100522,CUST100522,2024-11-21 23:29:38.086149,individual,HIGH,SALARIED,34916,True
ACC100523,CUST100523,2023-03-06 23:29:38.086149,individual,LOW,UNKNOWN,15108,False
ACC100524,CUST100524,2025-01-24 23:29:38.086149,individual,LOW,STUDENT,12685,False
ACC100525,CUST100525,2021-10-01 23:29:38.086149,individual,LOW,SELF_EMP,23572,False
ACC100526,CUST100526,2021-12-23 23:29:38.086149,individual,LOW,SALARIED,23110,False
ACC100527,CUST100527,2021-10-24 23:29:38.086149,individual,LOW,SALARIED,26236,False
ACC100528,CUST100528,2023-01-14 23:29:38.086149,individual,HIGH,SELF_EMP,7844,True
ACC100529,CUST100529,2022-06-01 23:29:38.086149,individual,LOW,SALARIED,15630,False
ACC100530,CUST100530,2022-06-15 23:29:38.086149,individual,LOW,UNKNOWN,24122,False
ACC100531,CUST100531,2024-09-20 23:29:38.087680,individual,LOW,UNKNOWN,9370,False
ACC100532,CUST100532,2024-01-10 23:29:38.087680,individual,LOW,SELF_EMP,14360,False
ACC100533,CUST100533,2024-07-25 23:29:38.087680,individual,LOW,SALARIED,13174,False
ACC100534,CUST100534,2023-02-10 23:29:38.087680,individual,LOW,STUDENT,16126,False
ACC100535,CUST100535,2024-11-19 23:29:38.087680,individual,LOW,SELF_EMP,13301,False
ACC100536,CUST100536,2022-04-25 23:29:38.087680,individual,LOW,SALARIED,82188,False
ACC100537,CUST100537,2023-08-14 23:29:38.087680,individual,LOW,SALARIED,28735,False
ACC100538,CUST100538,2021-06-03 23:29:38.087680,individual,LOW,SELF_EMP,23525,False
ACC100539,CUST100539,2023-08-28 23:29:38.087680,individual,HIGH,UNKNOWN,16402,True
ACC100540,CUST100540,2025-09-13 23:29:38.087680,individual,LOW,SELF_EMP,10292,False
ACC100541,CUST100541,2021-06-24 23:29:38.087680,individual,LOW,SELF_EMP,52752,False
ACC100542,CUST100542,2025-10-04 23:29:38.087680,individual,LOW,SELF_EMP,45090,False
ACC100543,CUST100543,2022-11-21 23:29:38.087680,individual,LOW,SELF_EMP,10706,False
ACC100544,CUST100544,2022-10-04 23:29:38.087680,individual,LOW,SELF_EMP,37338,False
ACC100545,CUST100545,2022-03-05 23:29:38.087680,individual,LOW,UNKNOWN,87147,False
ACC100546,CUST100546,2024-12-11 23:29:38.087680,business,LOW,STUDENT,32613,False
ACC100547,CUST100547,2022-01-31 23:29:38.087680,individual,LOW,UNKNOWN,38489,False
ACC100548,CUST100548,2021-12-16 23:29:38.087680,individual,LOW,STUDENT,28695,False
ACC100549,CUST100549,2023-11-14 23:29:38.087680,individual,LOW,UNKNOWN,22662,False
ACC100550,CUST100550,2023-04-03 23:29:38.087680,individual,LOW,SELF_EMP,40016,False
ACC100551,CUST100551,2024-11-22 23:29:38.087680,individual,HIGH,SALARIED,12605,True
ACC100552,CUST100552,2021-12-20 23:29:38.087680,individual,HIGH,STUDENT,14797,True
ACC100553,CUST100553,2024-12-12 23:29:38.087680,individual,LOW,STUDENT,27233,False
ACC100554,CUST100554,2021-07-10 23:29:38.087680,individual,LOW,SALARIED,19492,False
ACC100555,CUST100555,2021-06-28 23:29:38.087680,business,LOW,STUDENT,13350,False
ACC100556,CUST100556,2022-02-09 23:29:38.089211,individual,LOW,UNKNOWN,20095,False
ACC100557,CUST100557,2025-10-15 23:29:38.089211,individual,LOW,STUDENT,9557,False
ACC100558,CUST100558,2024-08-03 23:29:38.089211,individual,LOW,UNKNOWN,8777,False
ACC100559,CUST100559,2021-06-22 23:29:38.089211,individual,HIGH,SELF_EMP,21673,True
ACC100560,CUST100560,2021-04-09 23:29:38.089211,individual,LOW,STUDENT,35175,False
ACC100561,CUST100561,2023-07-20 23:29:38.089211,individual,LOW,STUDENT,24158,False
ACC100562,CUST100562,2025-12-18 23:29:38.089211,individual,LOW,STUDENT,57537,False
ACC100563,CUST100563,2024-10-13 23:29:38.089211,individual,LOW,UNKNOWN,11950,False
ACC100564,CUST100564,2023-02-07 23:29:38.089211,individual,LOW,SELF_EMP,30670,False
ACC100565,CUST100565,2022-05-22 23:29:38.089211,business,LOW,SALARIED,8397,False
ACC100566,CUST100566,2021-11-25 23:29:38.089211,individual,LOW,SALARIED,8896,False
ACC100567,CUST100567,2022-11-17 23:29:38.089211,individual,LOW,SALARIED,12973,False
ACC100568,CUST100568,2023-04-04 23:29:38.089211,individual,LOW,UNKNOWN,26661,False
ACC100569,CUST100569,2022-04-15 23:29:38.089211,individual,LOW,SALARIED,14607,False
ACC100570,CUST100570,2023-09-18 23:29:38.089211,business,LOW,STUDENT,18591,False
ACC100571,CUST100571,2024-06-19 23:29:38.089211,individual,LOW,SELF_EMP,26503,False
ACC100572,CUST100572,2024-03-20 23:29:38.089211,business,LOW,SELF_EMP,18084,False
ACC100573,CUST100573,2024-03-18 23:29:38.089211,individual,LOW,UNKNOWN,20415,False
ACC100574,CUST100574,2021-08-04 23:29:38.089211,individual,LOW,STUDENT,30200,False
ACC100575,CUST100575,2025-06-12 23:29:38.089211,individual,LOW,SALARIED,29577,False
ACC100576,CUST100576,2024-03-16 23:29:38.089211,individual,HIGH,SELF_EMP,24085,True
ACC100577,CUST100577,2025-06-25 23:29:38.089211,individual,LOW,STUDENT,40725,False
ACC100578,CUST100578,2023-03-24 23:29:38.089211,individual,LOW,STUDENT,34067,False
ACC100579,CUST100579,2024-07-22 23:29:38.089211,individual,HIGH,UNKNOWN,18815,True
ACC100580,CUST100580,2022-09-07 23:29:38.089211,individual,LOW,UNKNOWN,13209,False
ACC100581,CUST100581,2021-12-26 23:29:38.090793,individual,LOW,STUDENT,18930,False
ACC100582,CUST100582,2023-01-13 23:29:38.090793,individual,LOW,UNKNOWN,37729,False
ACC100583,CUST100583,2024-05-20 23:29:38.090793,individual,LOW,STUDENT,20515,False
ACC100584,CUST100584,2021-11-05 23:29:38.090793,individual,LOW,UNKNOWN,32747,False
ACC100585,CUST100585,2022-07-13 23:29:38.090793,individual,LOW,SELF_EMP,20722,False
ACC100586,CUST100586,2021-06-03 23:29:38.091410,individual,LOW,UNKNOWN,7416,False
ACC100587,CUST100587,2022-01-08 23:29:38.091410,business,LOW,STUDENT,24082,False
ACC100588,CUST100588,2025-04-15 23:29:38.091410,individual,LOW,SELF_EMP,15582,False
ACC100589,CUST100589,2023-11-01 23:29:38.091410,individual,LOW,STUDENT,8229,False
ACC100590,CUST100590,2023-09-06 23:29:38.091410,individual,LOW,STUDENT,19533,False
ACC100591,CUST100591,2024-03-15 23:29:38.091410,individual,LOW,UNKNOWN,34822,False
ACC100592,CUST100592,2023-06-29 23:29:38.091410,individual,LOW,SELF_EMP,24777,False
ACC100593,CUST100593,2024-12-06 23:29:38.091410,individual,LOW,STUDENT,11351,False
ACC100594,CUST100594,2022-12-28 23:29:38.091410,individual,LOW,SALARIED,13900,False
ACC100595,CUST100595,2023-08-22 23:29:38.091410,business,LOW,UNKNOWN,17218,False
ACC100596,CUST100596,2023-02-22 23:29:38.092420,individual,LOW,SELF_EMP,20100,False
ACC100597,CUST100597,2021-05-18 23:29:38.092420,individual,LOW,SELF_EMP,12693,False
ACC100598,CUST100598,2024-06-06 23:29:38.092420,business,LOW,STUDENT,18596,False
ACC100599,CUST100599,2023-09-15 23:29:38.092420,individual,LOW,SELF_EMP,48531,False
ACC100600,CUST100600,2026-01-08 23:29:38.092420,individual,HIGH,SELF_EMP,15683,True
ACC100601,CUST100601,2021-09-27 23:29:38.092420,individual,HIGH,SALARIED,14586,True
ACC100602,CUST100602,2024-03-25 23:29:38.092420,individual,LOW,SELF_EMP,14884,False
ACC100603,CUST100603,2021-09-21 23:29:38.092420,individual,LOW,SALARIED,62974,False
ACC100604,CUST100604,2023-01-10 23:29:38.092420,individual,HIGH,UNKNOWN,10046,True
ACC100605,CUST100605,2024-07-10 23:29:38.092420,individual,LOW,UNKNOWN,25794,False
ACC100606,CUST100606,2021-08-24 23:29:38.092420,individual,LOW,UNKNOWN,6062,False
ACC100607,CUST100607,2024-12-04 23:29:38.092420,individual,LOW,SELF_EMP,28474,False
ACC100608,CUST100608,2022-06-03 23:29:38.092420,individual,LOW,UNKNOWN,18782,False
ACC100609,CUST100609,2021-05-02 23:29:38.094084,individual,LOW,SALARIED,37839,False
ACC100610,CUST100610,2022-02-08 23:29:38.094084,individual,HIGH,SELF_EMP,12724,True
ACC100611,CUST100611,2022-09-24 23:29:38.094084,individual,LOW,SELF_EMP,10525,False
ACC100612,CUST100612,2022-02-08 23:29:38.094084,individual,LOW,SALARIED,12746,False
ACC100613,CUST100613,2024-06-26 23:29:38.094084,individual,LOW,SALARIED,34181,False
ACC100614,CUST100614,2023-03-02 23:29:38.094084,business,LOW,SALARIED,27680,False
ACC100615,CUST100615,2022-12-20 23:29:38.094084,individual,LOW,UNKNOWN,42465,False
ACC100616,CUST100616,2024-04-09 23:29:38.094084,individual,LOW,SELF_EMP,12448,False
ACC100617,CUST100617,2024-11-02 23:29:38.094084,individual,LOW,STUDENT,30593,False
ACC100618,CUST100618,2025-04-28 23:29:38.094084,individual,LOW,STUDENT,18523,False
ACC100619,CUST100619,2023-12-06 23:29:38.094084,individual,HIGH,SELF_EMP,9840,True
ACC100620,CUST100620,2025-11-18 23:29:38.094084,individual,LOW,SELF_EMP,32589,False
ACC100621,CUST100621,2024-08-29 23:29:38.094084,individual,LOW,SALARIED,27482,False
ACC100622,CUST100622,2025-02-12 23:29:38.094084,individual,LOW,UNKNOWN,27689,False
ACC100623,CUST100623,2022-06-28 23:29:38.094084,individual,LOW,SALARIED,18200,False
ACC100624,CUST100624,2024-10-20 23:29:38.094084,individual,LOW,SALARIED,38500,False
ACC100625,CUST100625,2024-08-07 23:29:38.094084,individual,LOW,STUDENT,24178,False
ACC100626,CUST100626,2022-12-17 23:29:38.094084,individual,LOW,UNKNOWN,36921,False
ACC100627,CUST100627,2025-04-03 23:29:38.094084,individual,LOW,SELF_EMP,36531,False
ACC100628,CUST100628,2025-07-07 23:29:38.094084,individual,LOW,SELF_EMP,10870,False
ACC100629,CUST100629,2023-10-04 23:29:38.094084,individual,LOW,STUDENT,23042,False
ACC100630,CUST100630,2021-05-16 23:29:38.094084,individual,LOW,SALARIED,32296,False
ACC100631,CUST100631,2023-07-30 23:29:38.094084,individual,HIGH,UNKNOWN,28442,True
ACC100632,CUST100632,2024-01-10 23:29:38.095761,individual,LOW,SALARIED,31280,False
ACC100633,CUST100633,2021-02-12 23:29:38.095761,individual,LOW,UNKNOWN,32754,False
ACC100634,CUST100634,2022-09-16 23:29:38.095761,individual,LOW,SALARIED,21172,False
ACC100635,CUST100635,2024-05-23 23:29:38.095761,individual,LOW,UNKNOWN,16488,False
ACC100636,CUST100636,2022-11-07 23:29:38.095761,business,HIGH,SALARIED,24173,True
ACC100637,CUST100637,2023-06-26 23:29:38.095761,individual,LOW,STUDENT,37432,False
ACC100638,CUST100638,2022-02-27 23:29:38.095761,individual,LOW,UNKNOWN,24401,False
ACC100639,CUST100639,2022-12-30 23:29:38.095761,business,LOW,SALARIED,32303,False
ACC100640,CUST100640,2022-11-17 23:29:38.095761,individual,HIGH,UNKNOWN,17902,True
ACC100641,CUST100641,2023-10-13 23:29:38.095761,individual,LOW,SALARIED,35312,False
ACC100642,CUST100642,2021-03-26 23:29:38.095761,individual,LOW,STUDENT,12153,False
ACC100643,CUST100643,2025-06-12 23:29:38.095761,individual,LOW,UNKNOWN,37309,False
ACC100644,CUST100644,2025-04-10 23:29:38.095761,individual,LOW,SALARIED,16425,False
ACC100645,CUST100645,2025-04-26 23:29:38.095761,individual,LOW,STUDENT,36212,False
ACC100646,CUST100646,2025-11-25 23:29:38.095761,individual,LOW,SALARIED,57950,False
ACC100647,CUST100647,2025-06-28 23:29:38.095761,individual,LOW,SELF_EMP,12872,False
ACC100648,CUST100648,2021-08-15 23:29:38.095761,individual,LOW,SALARIED,13320,False
ACC100649,CUST100649,2021-07-23 23:29:38.095761,individual,LOW,SELF_EMP,9370,False
ACC100650,CUST100650,2024-01-20 23:29:38.095761,individual,LOW,STUDENT,20483,False
ACC100651,CUST100651,2022-10-29 23:29:38.095761,individual,LOW,SALARIED,18764,False
ACC100652,CUST100652,2021-10-03 23:29:38.095761,individual,LOW,UNKNOWN,10223,False
ACC100653,CUST100653,2021-08-15 23:29:38.095761,individual,LOW,UNKNOWN,28818,False
ACC100654,CUST100654,2023-07-24 23:29:38.095761,individual,LOW,UNKNOWN,20428,False
ACC100655,CUST100655,2024-06-26 23:29:38.095761,individual,LOW,UNKNOWN,25879,False
ACC100656,CUST100656,2022-11-23 23:29:38.095761,individual,LOW,SALARIED,14367,False
ACC100657,CUST100657,2023-11-07 23:29:38.095761,individual,LOW,SALARIED,9702,False
ACC100658,CUST100658,2024-11-08 23:29:38.097334,business,HIGH,SELF_EMP,11332,True
ACC100659,CUST100659,2023-01-29 23:29:38.097334,business,HIGH,SALARIED,21362,True
ACC100660,CUST100660,2021-09-19 23:29:38.097334,individual,HIGH,STUDENT,11448,True
ACC100661,CUST100661,2022-04-04 23:29:38.097334,individual,LOW,UNKNOWN,57941,False
ACC100662,CUST100662,2026-01-10 23:29:38.097334,business,LOW,SALARIED,22771,False
ACC100663,CUST100663,2022-03-26 23:29:38.097334,business,LOW,STUDENT,16058,False
ACC100664,CUST100664,2025-10-18 23:29:38.097334,individual,LOW,SELF_EMP,14350,False
ACC100665,CUST100665,2025-07-18 23:29:38.097334,individual,LOW,STUDENT,12543,False
ACC100666,CUST100666,2021-11-04 23:29:38.097334,individual,LOW,SELF_EMP,55732,False
ACC100667,CUST100667,2022-03-25 23:29:38.097334,individual,LOW,UNKNOWN,17311,False
ACC100668,CUST100668,2024-02-12 23:29:38.097334,individual,LOW,SELF_EMP,16882,False
ACC100669,CUST100669,2025-05-28 23:29:38.097334,individual,HIGH,SELF_EMP,19285,True
ACC100670,CUST100670,2024-05-04 23:29:38.097334,individual,LOW,STUDENT,15066,False
ACC100671,CUST100671,2023-03-21 23:29:38.097334,individual,LOW,UNKNOWN,15358,False
ACC100672,CUST100672,2023-03-10 23:29:38.097334,individual,LOW,STUDENT,15084,False
ACC100673,CUST100673,2025-01-11 23:29:38.097334,business,HIGH,UNKNOWN,19558,True
ACC100674,CUST100674,2023-08-26 23:29:38.097334,individual,LOW,STUDENT,16523,False
ACC100675,CUST100675,2024-05-27 23:29:38.097334,individual,LOW,SALARIED,18467,False
ACC100676,CUST100676,2026-01-18 23:29:38.097334,individual,LOW,STUDENT,66532,False
ACC100677,CUST100677,2021-12-05 23:29:38.097334,individual,HIGH,SELF_EMP,26274,True
ACC100678,CUST100678,2025-11-22 23:29:38.097334,individual,HIGH,STUDENT,26828,True
ACC100679,CUST100679,2022-11-30 23:29:38.097334,business,LOW,SELF_EMP,20216,False
ACC100680,CUST100680,2021-11-17 23:29:38.097334,individual,LOW,STUDENT,11456,False
ACC100681,CUST100681,2021-12-24 23:29:38.097334,individual,LOW,STUDENT,9907,False
ACC100682,CUST100682,2025-02-14 23:29:38.097334,individual,LOW,SELF_EMP,12534,False
ACC100683,CUST100683,2024-10-18 23:29:38.098879,individual,LOW,UNKNOWN,38713,False
ACC100684,CUST100684,2022-12-18 23:29:38.098879,individual,LOW,STUDENT,37871,False
ACC100685,CUST100685,2024-09-05 23:29:38.098879,individual,LOW,SALARIED,49121,False
ACC100686,CUST100686,2024-11-14 23:29:38.098879,individual,LOW,SALARIED,8242,False
ACC100687,CUST100687,2025-03-15 23:29:38.098879,individual,HIGH,SELF_EMP,21132,True
ACC100688,CUST100688,2021-06-09 23:29:38.098879,individual,LOW,SELF_EMP,36958,False
ACC100689,CUST100689,2021-12-25 23:29:38.098879,individual,HIGH,SELF_EMP,27523,True
ACC100690,CUST100690,2022-04-07 23:29:38.098879,individual,LOW,SALARIED,6728,False
ACC100691,CUST100691,2025-09-29 23:29:38.098879,individual,HIGH,SELF_EMP,61146,True
ACC100692,CUST100692,2021-09-18 23:29:38.098879,individual,LOW,SELF_EMP,16128,False
ACC100693,CUST100693,2025-01-28 23:29:38.098879,individual,LOW,UNKNOWN,26086,False
ACC100694,CUST100694,2021-05-12 23:29:38.098879,business,LOW,SALARIED,28103,False
ACC100695,CUST100695,2024-03-03 23:29:38.098879,individual,LOW,UNKNOWN,37645,False
ACC100696,CUST100696,2026-01-25 23:29:38.098879,individual,LOW,UNKNOWN,32478,False
ACC100697,CUST100697,2023-05-05 23:29:38.098879,individual,LOW,SELF_EMP,21416,False
ACC100698,CUST100698,2022-08-03 23:29:38.098879,individual,LOW,UNKNOWN,26243,False
ACC100699,CUST100699,2024-11-23 23:29:38.098879,individual,LOW,STUDENT,14441,False
ACC100700,CUST100700,2023-10-26 23:29:38.098879,business,HIGH,STUDENT,25730,True
ACC100701,CUST100701,2022-06-19 23:29:38.098879,individual,LOW,STUDENT,10003,False
ACC100702,CUST100702,2024-08-04 23:29:38.098879,individual,LOW,UNKNOWN,19526,False
ACC100703,CUST100703,2025-08-29 23:29:38.098879,individual,HIGH,STUDENT,25422,True
ACC100704,CUST100704,2023-05-23 23:29:38.098879,business,LOW,SALARIED,9743,False
ACC100705,CUST100705,2023-10-24 23:29:38.098879,individual,LOW,STUDENT,18002,False
ACC100706,CUST100706,2024-07-19 23:29:38.098879,individual,LOW,STUDENT,9716,False
ACC100707,CUST100707,2024-07-07 23:29:38.098879,individual,LOW,UNKNOWN,35277,False
ACC100708,CUST100708,2023-06-20 23:29:38.100425,individual,LOW,SALARIED,15517,False
ACC100709,CUST100709,2026-01-19 23:29:38.100425,individual,LOW,UNKNOWN,30968,False
ACC100710,CUST100710,2022-06-22 23:29:38.100425,individual,LOW,SALARIED,14726,False
ACC100711,CUST100711,2025-03-26 23:29:38.100425,individual,LOW,SALARIED,37738,False
ACC100712,CUST100712,2025-05-04 23:29:38.100425,individual,HIGH,UNKNOWN,11354,True
ACC100713,CUST100713,2025-12-30 23:29:38.100425,individual,LOW,STUDENT,28912,False
ACC100714,CUST100714,2025-08-07 23:29:38.100425,individual,HIGH,SELF_EMP,12434,True
ACC100715,CUST100715,2021-08-10 23:29:38.100425,individual,LOW,SELF_EMP,28877,False
ACC100716,CUST100716,2024-09-08 23:29:38.100425,individual,LOW,STUDENT,8735,False
ACC100717,CUST100717,2021-11-19 23:29:38.100425,individual,LOW,SELF_EMP,14191,False
ACC100718,CUST100718,2023-01-01 23:29:38.100425,individual,LOW,SELF_EMP,37592,False
ACC100719,CUST100719,2025-10-27 23:29:38.100425,individual,LOW,SALARIED,14962,False
ACC100720,CUST100720,2022-10-27 23:29:38.100425,individual,LOW,UNKNOWN,18126,False
ACC100721,CUST100721,2021-04-25 23:29:38.100425,individual,LOW,UNKNOWN,8740,False
ACC100722,CUST100722,2022-04-08 23:29:38.100425,individual,HIGH,STUDENT,45526,True
ACC100723,CUST100723,2023-03-19 23:29:38.100425,individual,LOW,STUDENT,22182,False
ACC100724,CUST100724,2024-01-23 23:29:38.100425,individual,LOW,UNKNOWN,55853,False
ACC100725,CUST100725,2026-01-04 23:29:38.100425,individual,HIGH,SELF_EMP,23502,True
ACC100726,CUST100726,2023-05-14 23:29:38.100425,individual,HIGH,STUDENT,17503,True
ACC100727,CUST100727,2022-03-05 23:29:38.100425,individual,LOW,SALARIED,12836,False
ACC100728,CUST100728,2024-04-17 23:29:38.100425,individual,LOW,UNKNOWN,26049,False
ACC100729,CUST100729,2024-10-01 23:29:38.100425,individual,LOW,SELF_EMP,19875,False
ACC100730,CUST100730,2024-02-08 23:29:38.100425,individual,LOW,SALARIED,16616,False
ACC100731,CUST100731,2021-05-17 23:29:38.100425,individual,LOW,UNKNOWN,27109,False
ACC100732,CUST100732,2025-10-21 23:29:38.100425,individual,LOW,UNKNOWN,17238,False
ACC100733,CUST100733,2021-03-31 23:29:38.101983,individual,LOW,SELF_EMP,12932,False
ACC100734,CUST100734,2024-07-26 23:29:38.101983,individual,LOW,STUDENT,33090,False
ACC100735,CUST100735,2021-03-19 23:29:38.101983,individual,LOW,SALARIED,23489,False
ACC100736,CUST100736,2023-07-06 23:29:38.101983,business,LOW,SALARIED,32551,False
ACC100737,CUST100737,2023-02-24 23:29:38.101983,individual,LOW,SALARIED,25192,False
ACC100738,CUST100738,2022-03-10 23:29:38.101983,individual,LOW,UNKNOWN,42799,False
ACC100739,CUST100739,2022-01-20 23:29:38.101983,individual,LOW,SELF_EMP,10768,False
ACC100740,CUST100740,2023-03-24 23:29:38.101983,individual,LOW,SELF_EMP,21284,False
ACC100741,CUST100741,2023-10-30 23:29:38.101983,individual,LOW,UNKNOWN,18491,False
ACC100742,CUST100742,2022-10-04 23:29:38.101983,individual,LOW,SALARIED,19014,False
ACC100743,CUST100743,2023-10-25 23:29:38.101983,individual,LOW,SALARIED,25220,False
ACC100744,CUST100744,2024-09-16 23:29:38.101983,individual,LOW,SELF_EMP,40334,False
ACC100745,CUST100745,2025-01-07 23:29:38.101983,business,LOW,STUDENT,38221,False
ACC100746,CUST100746,2023-09-17 23:29:38.101983,individual,LOW,UNKNOWN,31615,False
ACC100747,CUST100747,2021-10-27 23:29:38.101983,individual,LOW,STUDENT,23292,False
ACC100748,CUST100748,2023-07-29 23:29:38.101983,individual,LOW,SALARIED,25475,False
ACC100749,CUST100749,2024-03-19 23:29:38.101983,individual,LOW,UNKNOWN,35557,False
ACC100750,CUST100750,2024-09-14 23:29:38.101983,individual,LOW,UNKNOWN,23607,False
ACC100751,CUST100751,2021-03-12 23:29:38.101983,business,LOW,STUDENT,12796,False
ACC100752,CUST100752,2023-11-23 23:29:38.104086,individual,LOW,UNKNOWN,39820,False
ACC100753,CUST100753,2024-09-06 23:29:38.104086,individual,LOW,SELF_EMP,16399,False
ACC100754,CUST100754,2022-11-15 23:29:38.104086,individual,HIGH,STUDENT,22194,True
ACC100755,CUST100755,2021-05-24 23:29:38.104086,individual,LOW,SELF_EMP,13529,False
ACC100756,CUST100756,2026-01-18 23:29:38.104086,individual,HIGH,SALARIED,20938,True
ACC100757,CUST100757,2021-11-10 23:29:38.104086,individual,HIGH,STUDENT,7736,True
ACC100758,CUST100758,2026-01-14 23:29:38.104086,individual,LOW,UNKNOWN,19561,False
ACC100759,CUST100759,2021-06-21 23:29:38.104086,individual,LOW,STUDENT,17220,False
ACC100760,CUST100760,2023-11-14 23:29:38.104086,individual,LOW,SELF_EMP,23335,False
ACC100761,CUST100761,2021-10-21 23:29:38.104086,individual,LOW,SELF_EMP,22672,False
ACC100762,CUST100762,2022-10-12 23:29:38.104086,individual,LOW,SALARIED,48373,False
ACC100763,CUST100763,2023-08-03 23:29:38.104086,individual,LOW,UNKNOWN,29116,False
ACC100764,CUST100764,2025-10-27 23:29:38.105093,business,HIGH,UNKNOWN,29552,True
ACC100765,CUST100765,2021-08-06 23:29:38.105093,business,LOW,SALARIED,30027,False
ACC100766,CUST100766,2023-07-26 23:29:38.105093,individual,LOW,SELF_EMP,23287,False
ACC100767,CUST100767,2025-10-09 23:29:38.105093,individual,LOW,UNKNOWN,39823,False
ACC100768,CUST100768,2022-09-18 23:29:38.105093,individual,LOW,UNKNOWN,34042,False
ACC100769,CUST100769,2022-07-31 23:29:38.105093,individual,HIGH,SELF_EMP,35397,True
ACC100770,CUST100770,2024-07-29 23:29:38.105093,individual,LOW,SALARIED,16863,False
ACC100771,CUST100771,2023-07-25 23:29:38.105093,individual,LOW,SELF_EMP,23752,False
ACC100772,CUST100772,2022-07-08 23:29:38.105093,individual,HIGH,UNKNOWN,15399,True
ACC100773,CUST100773,2023-03-24 23:29:38.105093,individual,LOW,STUDENT,19495,False
ACC100774,CUST100774,2024-01-20 23:29:38.105093,individual,HIGH,SALARIED,22624,True
ACC100775,CUST100775,2022-08-23 23:29:38.105093,individual,LOW,STUDENT,35803,False
ACC100776,CUST100776,2022-06-28 23:29:38.105093,individual,LOW,SELF_EMP,19016,False
ACC100777,CUST100777,2024-10-06 23:29:38.105093,individual,HIGH,SALARIED,22469,True
ACC100778,CUST100778,2021-08-30 23:29:38.106707,individual,LOW,SALARIED,17841,False
ACC100779,CUST100779,2025-12-08 23:29:38.106707,individual,LOW,SALARIED,12512,False
ACC100780,CUST100780,2022-05-16 23:29:38.106707,individual,HIGH,SELF_EMP,11553,True
ACC100781,CUST100781,2023-07-21 23:29:38.106707,individual,LOW,SALARIED,20503,False
ACC100782,CUST100782,2022-09-07 23:29:38.106707,individual,LOW,SALARIED,36002,False
ACC100783,CUST100783,2021-03-20 23:29:38.106707,individual,LOW,UNKNOWN,10937,False
ACC100784,CUST100784,2024-09-12 23:29:38.106707,individual,LOW,SALARIED,20316,False
ACC100785,CUST100785,2025-11-09 23:29:38.106707,individual,LOW,UNKNOWN,16240,False
ACC100786,CUST100786,2022-06-19 23:29:38.106707,individual,LOW,SALARIED,40374,False
ACC100787,CUST100787,2022-09-10 23:29:38.106707,individual,LOW,SELF_EMP,36890,False
ACC100788,CUST100788,2024-11-17 23:29:38.106707,individual,LOW,SALARIED,13934,False
ACC100789,CUST100789,2025-12-01 23:29:38.106707,individual,LOW,SALARIED,38941,False
ACC100790,CUST100790,2025-07-02 23:29:38.106707,individual,LOW,SELF_EMP,18444,False
ACC100791,CUST100791,2025-01-15 23:29:38.106707,individual,LOW,SALARIED,28314,False
ACC100792,CUST100792,2023-01-27 23:29:38.106707,individual,LOW,STUDENT,39335,False
ACC100793,CUST100793,2023-04-10 23:29:38.106707,individual,LOW,SALARIED,28476,False
ACC100794,CUST100794,2025-02-24 23:29:38.106707,business,LOW,SALARIED,13262,False
ACC100795,CUST100795,2021-07-01 23:29:38.106707,individual,LOW,UNKNOWN,15847,False
ACC100796,CUST100796,2023-04-26 23:29:38.106707,individual,LOW,UNKNOWN,25476,False
ACC100797,CUST100797,2022-04-11 23:29:38.106707,individual,HIGH,STUDENT,60000,True
ACC100798,CUST100798,2023-02-24 23:29:38.108278,individual,LOW,SELF_EMP,56539,False
ACC100799,CUST100799,2021-11-25 23:29:38.108278,individual,LOW,SALARIED,13849,False
