STR_ID,ACCOUNT_ID,str_filed_date,JURISDICTION,STR_CATEGORY
STR0000001,ACCT100004962,2023-02-09 23:02:31.034298,FinCEN,MULE
STR0000002,ACCT100004406,2022-10-19 07:56:02.350178,FIU-IND,MULE
STR0000003,ACCT100011637,2023-09-14 05:57:05.207571,FINTRAC,LAYERING
STR0000004,ACCT100003092,2022-08-17 22:08:59.604794,FIU-IND,FRAUD
STR0000005,ACCT100007056,2022-02-23 18:48:07.344243,FinCEN,STRUCTURING
STR0000006,ACCT100001664,2022-05-21 02:53:35.809372,FIU-IND,FRAUD
STR0000007,ACCT100003339,2022-10-26 00:25:03.480181,FINTRAC,FRAUD
STR0000008,ACCT100010154,2022-04-22 23:37:30.995171,FIU-IND,LAYERING
STR0000009,ACCT100003576,2022-06-25 18:11:51.329373,FinCEN,FRAUD
STR0000010,ACCT100005240,2022-11-09 11:16:37.699739,FIU-IND,STRUCTURING
STR0000011,ACCT100006886,2023-01-05 22:30:04.600423,FIU-IND,MULE
STR0000012,ACCT100009582,2023-06-22 19:13:39.448047,FIU-IND,STRUCTURING
STR0000013,ACCT100011035,2023-07-17 11:32:50.360003,FIU-IND,MULE
STR0000014,ACCT100001824,2023-06-22 09:06:10.051607,FIU-IND,LAYERING
STR0000015,ACCT100004692,2022-09-15 05:43:06.009753,FinCEN,MULE
STR0000016,ACCT100002558,2022-07-02 02:09:24.271806,FIU-IND,MULE
STR0000017,ACCT100006663,2023-09-25 17:38:19.069172,FIU-IND,STRUCTURING
STR0000018,ACCT100000400,2024-05-31 12:07:39.006106,FIU-IND,STRUCTURING
STR0000019,ACCT100000045,2022-03-03 02:40:05.221963,FIU-IND,STRUCTURING
STR0000020,ACCT100000854,2024-05-21 18:31:34.195936,FINTRAC,STRUCTURING
STR0000021,ACCT100002149,2023-06-05 21:13:24.797681,FIU-IND,FRAUD
STR0000022,ACCT100011972,2022-09-02 04:16:34.640179,FIU-IND,STRUCTURING
STR0000023,ACCT100006838,2022-05-16 09:00:40.231421,FinCEN,MULE
STR0000024,ACCT100003071,2023-04-07 14:56:10.094280,FinCEN,LAYERING
STR0000025,ACCT100001706,2023-09-20 12:48:40.349729,FinCEN,LAYERING
STR0000026,ACCT100006233,2023-10-27 02:28:21.981600,FinCEN,LAYERING
STR0000027,ACCT100011315,2022-12-15 19:42:33.439415,FinCEN,LAYERING
STR0000028,ACCT100009552,2022-04-25 03:59:53.883862,FIU-IND,STRUCTURING
STR0000029,ACCT100009975,2022-03-08 14:44:19.227687,FIU-IND,LAYERING
STR0000030,ACCT100011024,2022-03-04 16:47:02.270445,FIU-IND,FRAUD
STR0000031,ACCT100000235,2022-06-29 05:33:23.201032,AUSTRAC,LAYERING
STR0000032,ACCT100001094,2023-07-27 14:09:35.621287,FinCEN,FRAUD
STR0000033,ACCT100006672,2023-01-22 08:14:09.030993,FinCEN,FRAUD
STR0000034,ACCT100005453,2023-05-15 08:42:33.117160,FIU-IND,OTHER
STR0000035,ACCT100010704,2022-12-16 01:36:46.502083,FinCEN,FRAUD
STR0000036,ACCT100004276,2023-06-13 06:29:52.124472,FinCEN,FRAUD
STR0000037,ACCT100003238,2023-06-09 01:41:32.717702,FIU-IND,FRAUD
STR0000038,ACCT100002481,2022-02-05 18:38:17.368746,FIU-IND,OTHER
STR0000039,ACCT100002936,2023-08-04 09:58:20.305493,FIU-IND,MULE
STR0000040,ACCT100006808,2022-07-09 00:11:40.200700,FinCEN,FRAUD
STR0000041,ACCT100011879,2023-02-22 16:24:23.898646,FIU-IND,STRUCTURING
STR0000042,ACCT100004982,2023-01-02 15:59:50.246774,FinCEN,FRAUD
STR0000043,ACCT100004836,2023-07-13 21:53:49.664290,FINTRAC,STRUCTURING
STR0000044,ACCT100009458,2023-02-26 08:18:33.247326,FinCEN,LAYERING
STR0000045,ACCT100008088,2022-05-12 15:26:11.082068,FIU-IND,FRAUD
STR0000046,ACCT100006359,2022-07-09 01:26:03.008273,FINTRAC,LAYERING
STR0000047,ACCT100009452,2024-06-27 14:13:34.963467,FIU-IND,STRUCTURING
STR0000048,ACCT100001323,2022-02-23 18:49:37.867787,FIU-IND,FRAUD
STR0000049,ACCT100000120,2023-11-08 14:23:45.009041,FIU-IND,MULE
STR0000050,ACCT100011652,2022-05-18 05:00:45.107910,FINTRAC,FRAUD
STR0000051,ACCT100008730,2022-04-05 15:11:26.566682,FIU-IND,STRUCTURING
STR0000052,ACCT100004618,2022-12-11 11:29:19.373785,FIU-IND,LAYERING
STR0000053,ACCT100006103,2022-02-12 10:22:18.754332,FinCEN,OTHER
STR0000054,ACCT100009228,2022-09-01 02:31:02.494922,FIU-IND,LAYERING
STR0000055,ACCT100008336,2023-09-25 14:18:54.137969,FIU-IND,MULE
STR0000056,ACCT100000324,2023-06-04 14:34:20.313095,FinCEN,FRAUD
STR0000057,ACCT100009400,2023-09-23 12:50:00.097986,FinCEN,STRUCTURING
STR0000058,ACCT100009337,2022-07-02 09:38:51.953327,FinCEN,LAYERING
STR0000059,ACCT100011415,2023-07-08 20:18:19.946464,FIU-IND,STRUCTURING
STR0000060,ACCT100000758,2022-09-25 01:14:14.581424,AUSTRAC,LAYERING
STR0000061,ACCT100001183,2023-10-05 06:15:16.557374,FIU-IND,FRAUD
STR0000062,ACCT100003415,2022-12-31 16:07:54.884804,AUSTRAC,MULE
STR0000063,ACCT100010532,2022-08-07 12:08:55.225891,FIU-IND,MULE
STR0000064,ACCT100000712,2022-04-06 04:10:05.752686,FIU-IND,OTHER
STR0000065,ACCT100008311,2023-06-10 11:21:45.997844,FIU-IND,STRUCTURING
STR0000066,ACCT100005027,2023-10-10 21:32:18.711645,FIU-IND,MULE
STR0000067,ACCT100004547,2024-08-26 21:07:57.202125,FinCEN,STRUCTURING
STR0000068,ACCT100005811,2022-05-17 17:51:08.573642,FIU-IND,LAYERING
STR0000069,ACCT100010461,2023-02-03 20:01:41.626586,FIU-IND,LAYERING
STR0000070,ACCT100011556,2023-10-28 07:10:04.286458,FinCEN,OTHER
STR0000071,ACCT100007256,2023-03-30 08:13:55.126299,AUSTRAC,MULE
STR0000072,ACCT100006606,2023-06-07 16:35:38.323050,FIU-IND,LAYERING
STR0000073,ACCT100005304,2022-09-18 05:17:46.699964,FIU-IND,STRUCTURING
STR0000074,ACCT100004442,2022-03-03 10:01:51.341871,FinCEN,MULE
STR0000075,ACCT100005517,2022-09-09 17:58:45.049651,FIU-IND,STRUCTURING
STR0000076,ACCT100008292,2023-11-20 07:43:36.224254,FIU-IND,LAYERING
STR0000077,ACCT100001246,2022-11-28 06:43:11.312154,FINTRAC,STRUCTURING
STR0000078,ACCT100004302,2023-06-06 11:04:51.643159,FIU-IND,STRUCTURING
STR0000079,ACCT100002570,2024-06-27 01:08:12.778620,FIU-IND,LAYERING
STR0000080,ACCT100007455,2022-12-17 00:50:49.074984,FIU-IND,FRAUD
STR0000081,ACCT100006135,2022-07-30 18:36:00.750870,FinCEN,MULE
STR0000082,ACCT100001211,2023-02-06 07:31:17.303046,AUSTRAC,STRUCTURING
STR0000083,ACCT100002007,2023-03-13 01:11:24.037040,FIU-IND,OTHER
STR0000084,ACCT100004184,2023-09-27 12:08:56.182036,FIU-IND,STRUCTURING
STR0000085,ACCT100000173,2022-05-18 19:56:01.668591,FIU-IND,MULE
STR0000086,ACCT100005822,2022-08-27 15:35:57.984517,FIU-IND,STRUCTURING
STR0000087,ACCT100008956,2023-09-05 03:12:12.949617,FinCEN,MULE
STR0000088,ACCT100009918,2022-02-21 18:15:16.313293,FIU-IND,LAYERING
STR0000089,ACCT100005769,2023-09-28 08:38:12.277554,FIU-IND,STRUCTURING
STR0000090,ACCT100011238,2022-03-28 11:34:46.562582,FINTRAC,STRUCTURING
STR0000091,ACCT100010971,2022-04-08 17:15:34.331411,FIU-IND,MULE
STR0000092,ACCT100008038,2022-09-20 16:16:12.339464,FIU-IND,MULE
STR0000093,ACCT100006829,2023-07-08 11:13:53.954389,FINTRAC,MULE
STR0000094,ACCT100011852,2022-06-01 10:29:01.852684,FIU-IND,FRAUD
STR0000095,ACCT100001934,2024-05-30 07:12:57.878719,FIU-IND,LAYERING
STR0000096,ACCT100009569,2023-07-30 14:22:51.365574,AUSTRAC,FRAUD
STR0000097,ACCT100003313,2022-10-27 15:24:18.187582,FinCEN,FRAUD
STR0000098,ACCT100007613,2024-07-17 19:50:13.602615,FINTRAC,FRAUD
STR0000099,ACCT100006826,2023-09-29 02:19:21.479408,FIU-IND,MULE
STR0000100,ACCT100009240,2022-10-01 01:41:02.602568,FIU-IND,FRAUD
STR0000101,ACCT100010019,2022-11-11 15:35:30.047585,FINTRAC,STRUCTURING
STR0000102,ACCT100009560,2023-03-15 03:10:43.759676,FIU-IND,STRUCTURING
STR0000103,ACCT100000520,2024-04-04 20:42:38.649623,FIU-IND,LAYERING
STR0000104,ACCT100009893,2024-04-22 14:06:47.217648,FIU-IND,FRAUD
STR0000105,ACCT100003162,2023-10-16 04:30:35.304530,FinCEN,LAYERING
STR0000106,ACCT100009448,2022-03-01 17:59:31.265796,FinCEN,LAYERING
STR0000107,ACCT100010078,2022-08-03 00:41:48.137722,FIU-IND,LAYERING
STR0000108,ACCT100005258,2022-08-05 03:28:42.583670,FIU-IND,FRAUD
STR0000109,ACCT100011770,2024-07-07 22:38:54.458184,FIU-IND,FRAUD
STR0000110,ACCT100002665,2023-06-08 10:58:03.295852,FIU-IND,STRUCTURING
STR0000111,ACCT100008867,2023-03-02 19:38:14.354742,FIU-IND,MULE
STR0000112,ACCT100007036,2023-10-03 17:07:29.576577,FinCEN,STRUCTURING
STR0000113,ACCT100007251,2022-08-03 11:15:44.831563,AUSTRAC,FRAUD
STR0000114,ACCT100010278,2022-09-27 02:22:23.888678,FINTRAC,STRUCTURING
STR0000115,ACCT100002793,2023-09-10 13:42:13.342978,FIU-IND,LAYERING
STR0000116,ACCT100010919,2023-09-12 22:15:53.776126,FinCEN,STRUCTURING
STR0000117,ACCT100007489,2023-03-17 21:46:36.579141,FIU-IND,STRUCTURING
STR0000118,ACCT100011277,2022-06-10 08:57:43.620410,AUSTRAC,MULE
STR0000119,ACCT100002129,2023-04-18 06:46:20.768168,FIU-IND,STRUCTURING
STR0000120,ACCT100011547,2022-09-06 16:18:07.348525,FINTRAC,FRAUD
STR0000121,ACCT100005334,2022-09-27 11:39:00.350663,FINTRAC,FRAUD
STR0000122,ACCT100003227,2023-05-19 16:29:02.231709,FIU-IND,LAYERING
STR0000123,ACCT100011100,2022-06-29 00:41:33.495354,FinCEN,FRAUD
STR0000124,ACCT100005085,2023-07-05 07:20:35.103222,FinCEN,STRUCTURING
STR0000125,ACCT100007678,2023-01-18 05:17:55.542289,FIU-IND,FRAUD
STR0000126,ACCT100010453,2023-04-02 08:55:16.514516,FIU-IND,OTHER
STR0000127,ACCT100004451,2024-06-06 03:48:54.853529,FINTRAC,FRAUD
STR0000128,ACCT100002864,2023-04-20 12:08:02.739428,FIU-IND,LAYERING
STR0000129,ACCT100007974,2022-10-17 22:52:58.746971,AUSTRAC,STRUCTURING
STR0000130,ACCT100010413,2023-11-18 07:12:29.417638,FinCEN,MULE
STR0000131,ACCT100009531,2023-03-10 17:07:25.933604,FIU-IND,MULE
STR0000132,ACCT100007676,2023-08-06 00:21:17.515541,FinCEN,LAYERING
STR0000133,ACCT100006173,2023-01-06 12:09:53.811250,FinCEN,OTHER
STR0000134,ACCT100001225,2022-11-25 21:13:30.715527,FinCEN,FRAUD
STR0000135,ACCT100010552,2022-02-25 17:10:44.455687,FIU-IND,LAYERING
STR0000136,ACCT100002386,2023-07-25 05:04:41.498463,FIU-IND,STRUCTURING
STR0000137,ACCT100009834,2022-09-22 11:04:23.060611,FIU-IND,OTHER
STR0000138,ACCT100000870,2023-09-22 14:26:14.512418,AUSTRAC,STRUCTURING
STR0000139,ACCT100005353,2022-02-27 21:26:43.900607,AUSTRAC,OTHER
STR0000140,ACCT100004382,2022-12-12 04:16:50.410819,FIU-IND,FRAUD
STR0000141,ACCT100010968,2023-05-04 11:29:15.957530,FinCEN,STRUCTURING
STR0000142,ACCT100002431,2024-02-21 04:40:52.340129,FIU-IND,MULE
STR0000143,ACCT100010473,2023-03-20 09:25:33.871235,FIU-IND,STRUCTURING
STR0000144,ACCT100011701,2023-02-27 03:34:50.352050,FIU-IND,FRAUD
STR0000145,ACCT100010575,2022-01-06 23:58:07.527286,AUSTRAC,LAYERING
STR0000146,ACCT100006597,2023-06-28 05:13:33.219356,FIU-IND,STRUCTURING
STR0000147,ACCT100004682,2022-11-24 05:37:49.425760,AUSTRAC,FRAUD
STR0000148,ACCT100006028,2022-09-01 17:03:40.808791,FinCEN,FRAUD
STR0000149,ACCT100004167,2022-12-02 06:27:24.767037,FIU-IND,STRUCTURING
STR0000150,ACCT100010583,2024-07-03 04:34:02.578445,FIU-IND,MULE
STR0000151,ACCT100005508,2023-02-15 03:43:21.133055,AUSTRAC,LAYERING
STR0000152,ACCT100011275,2024-02-03 10:07:16.048555,FIU-IND,LAYERING
STR0000153,ACCT100007421,2022-03-19 20:46:39.197717,FIU-IND,OTHER
STR0000154,ACCT100000988,2022-07-28 13:33:49.335926,FIU-IND,STRUCTURING
STR0000155,ACCT100009707,2022-11-23 15:36:47.525808,FINTRAC,LAYERING
STR0000156,ACCT100000779,2022-10-25 01:27:38.587055,FIU-IND,FRAUD
STR0000157,ACCT100000657,2024-08-31 01:12:13.972398,FIU-IND,LAYERING
STR0000158,ACCT100001510,2022-07-11 13:28:42.775574,FinCEN,FRAUD
STR0000159,ACCT100001979,2022-02-22 03:47:43.556184,FIU-IND,MULE
STR0000160,ACCT100005216,2023-10-19 08:10:26.024902,FINTRAC,STRUCTURING
STR0000161,ACCT100007983,2023-09-13 09:40:38.381010,FinCEN,LAYERING
STR0000162,ACCT100011872,2022-09-09 09:08:53.085308,FIU-IND,STRUCTURING
STR0000163,ACCT100002773,2022-05-22 07:09:38.832426,FIU-IND,OTHER
STR0000164,ACCT100007618,2024-01-29 11:23:22.070444,FIU-IND,FRAUD
STR0000165,ACCT100008960,2023-09-24 08:04:25.256901,FIU-IND,OTHER
STR0000166,ACCT100005587,2022-08-23 13:45:11.366093,FINTRAC,STRUCTURING
STR0000167,ACCT100007046,2022-09-08 07:23:43.642052,FIU-IND,MULE
STR0000168,ACCT100003624,2022-04-23 23:42:10.575668,FinCEN,LAYERING
STR0000169,ACCT100000273,2022-10-06 20:12:31.136556,FIU-IND,STRUCTURING
STR0000170,ACCT100004333,2023-06-18 19:37:01.012781,FIU-IND,OTHER
STR0000171,ACCT100010333,2023-03-04 21:32:55.638331,FIU-IND,MULE
STR0000172,ACCT100005844,2022-02-23 02:08:01.232280,FIU-IND,OTHER
STR0000173,ACCT100005374,2024-05-04 11:26:45.721060,FIU-IND,FRAUD
STR0000174,ACCT100000363,2022-04-09 15:51:51.498787,FinCEN,OTHER
STR0000175,ACCT100001817,2022-09-04 11:00:29.076007,FinCEN,STRUCTURING
STR0000176,ACCT100000462,2023-08-01 21:53:31.589808,FIU-IND,STRUCTURING
STR0000177,ACCT100010621,2023-12-17 17:17:44.420638,AUSTRAC,MULE
STR0000178,ACCT100004062,2022-05-29 08:08:55.002548,FIU-IND,STRUCTURING
STR0000179,ACCT100008936,2024-05-27 09:32:23.103561,FIU-IND,FRAUD
STR0000180,ACCT100006186,2022-05-24 00:27:05.364264,FIU-IND,STRUCTURING
STR0000181,ACCT100003665,2022-10-05 11:46:16.210379,FIU-IND,LAYERING
STR0000182,ACCT100008580,2022-12-08 17:40:58.122153,FIU-IND,STRUCTURING
STR0000183,ACCT100005977,2023-09-13 16:21:09.700168,FIU-IND,LAYERING
STR0000184,ACCT100002709,2023-11-30 12:11:23.366155,FIU-IND,STRUCTURING
STR0000185,ACCT100007559,2022-06-21 16:03:47.014358,FIU-IND,STRUCTURING
STR0000186,ACCT100008091,2022-07-14 18:50:46.834980,FINTRAC,MULE
STR0000187,ACCT100004256,2024-07-23 07:38:11.690762,FIU-IND,MULE
STR0000188,ACCT100001507,2023-06-26 02:05:55.833622,FINTRAC,STRUCTURING
STR0000189,ACCT100005147,2022-06-04 03:44:01.980934,FIU-IND,FRAUD
STR0000190,ACCT100000649,2023-05-05 12:21:51.127911,AUSTRAC,LAYERING
STR0000191,ACCT100008149,2023-01-28 16:03:32.730603,FIU-IND,STRUCTURING
STR0000192,ACCT100001516,2023-12-25 17:25:04.691571,FIU-IND,LAYERING
STR0000193,ACCT100010446,2022-11-10 11:43:47.121521,FinCEN,LAYERING
STR0000194,ACCT100009616,2023-02-07 08:02:52.490515,FIU-IND,LAYERING
STR0000195,ACCT100005254,2022-09-07 10:51:31.248966,FIU-IND,FRAUD
STR0000196,ACCT100009870,2023-07-07 15:56:03.527552,FinCEN,STRUCTURING
STR0000197,ACCT100008314,2022-03-20 04:59:20.131627,FIU-IND,OTHER
STR0000198,ACCT100002421,2022-04-06 06:17:57.477970,FinCEN,MULE
STR0000199,ACCT100002691,2023-10-31 04:31:11.356723,FIU-IND,OTHER
STR0000200,ACCT100003956,2024-03-07 06:15:36.779746,FIU-IND,MULE
STR0000201,ACCT100002136,2023-03-12 04:58:52.738631,FinCEN,LAYERING
STR0000202,ACCT100001119,2022-02-18 23:50:03.361897,FIU-IND,FRAUD
STR0000203,ACCT100001209,2022-12-16 00:50:02.540525,FIU-IND,MULE
STR0000204,ACCT100010016,2023-03-01 14:34:55.707382,FIU-IND,STRUCTURING
STR0000205,ACCT100008504,2022-03-27 06:10:21.998220,FinCEN,FRAUD
STR0000206,ACCT100002800,2023-12-11 13:54:10.387453,FIU-IND,MULE
STR0000207,ACCT100000483,2023-05-28 23:09:26.875041,FIU-IND,OTHER
STR0000208,ACCT100006831,2024-01-19 02:13:27.058254,FinCEN,MULE
STR0000209,ACCT100006032,2023-04-14 20:01:32.658480,FIU-IND,MULE
STR0000210,ACCT100010394,2024-08-19 17:21:46.100995,FinCEN,STRUCTURING
STR0000211,ACCT100011771,2023-05-17 08:35:01.479877,FIU-IND,FRAUD
STR0000212,ACCT100001266,2023-06-12 09:30:10.561630,FIU-IND,STRUCTURING
STR0000213,ACCT100007084,2022-10-26 09:18:14.666028,FIU-IND,OTHER
STR0000214,ACCT100004755,2022-02-24 04:20:25.665308,FIU-IND,OTHER
STR0000215,ACCT100010263,2022-04-14 01:02:17.529064,FINTRAC,OTHER
STR0000216,ACCT100005542,2022-04-04 02:03:52.958704,FIU-IND,MULE
STR0000217,ACCT100007648,2022-06-24 08:33:02.779564,FIU-IND,FRAUD
STR0000218,ACCT100008725,2022-08-23 14:35:50.304866,FIU-IND,LAYERING
STR0000219,ACCT100005214,2023-02-28 00:38:36.383320,FIU-IND,LAYERING
STR0000220,ACCT100003024,2022-09-01 07:41:37.420285,FIU-IND,MULE
STR0000221,ACCT100011865,2022-05-02 10:44:34.931145,AUSTRAC,STRUCTURING
STR0000222,ACCT100010251,2022-12-25 12:18:15.929056,FIU-IND,STRUCTURING
STR0000223,ACCT100005212,2023-01-30 13:14:38.593803,FIU-IND,STRUCTURING
STR0000224,ACCT100005323,2022-10-31 14:55:52.054618,FIU-IND,FRAUD
STR0000225,ACCT100000196,2022-12-04 08:50:22.348425,FINTRAC,MULE
STR0000226,ACCT100007966,2023-06-20 19:47:52.803643,FinCEN,LAYERING
STR0000227,ACCT100006894,2023-07-20 07:17:58.486837,FinCEN,MULE
STR0000228,ACCT100004348,2024-03-25 20:00:12.061621,FinCEN,STRUCTURING
STR0000229,ACCT100006286,2023-02-24 01:19:32.556572,AUSTRAC,FRAUD
STR0000230,ACCT100005618,2022-12-29 19:39:41.141696,FIU-IND,FRAUD
STR0000231,ACCT100003700,2023-10-08 20:33:12.005341,AUSTRAC,STRUCTURING
STR0000232,ACCT100010764,2024-07-20 09:35:07.018329,FIU-IND,FRAUD
STR0000233,ACCT100010668,2022-10-31 08:41:50.572501,AUSTRAC,MULE
STR0000234,ACCT100006650,2022-09-28 06:12:05.566583,FIU-IND,MULE
STR0000235,ACCT100002112,2022-11-04 10:11:03.713868,FIU-IND,FRAUD
STR0000236,ACCT100005261,2022-02-14 22:38:49.036476,FIU-IND,OTHER
STR0000237,ACCT100001450,2022-08-28 09:44:14.039213,FIU-IND,OTHER
STR0000238,ACCT100004301,2023-09-30 02:11:09.174106,FIU-IND,STRUCTURING
STR0000239,ACCT100002301,2022-08-24 22:15:03.191526,FIU-IND,LAYERING
STR0000240,ACCT100005534,2024-02-07 15:59:23.358563,FinCEN,OTHER
STR0000241,ACCT100002777,2022-08-11 07:30:45.416906,FINTRAC,LAYERING
STR0000242,ACCT100004286,2023-01-11 15:16:11.739119,FinCEN,STRUCTURING
STR0000243,ACCT100000204,2022-06-27 04:46:04.598964,FIU-IND,MULE
STR0000244,ACCT100004855,2023-04-09 23:02:14.919970,FinCEN,OTHER
STR0000245,ACCT100003818,2023-06-27 08:20:39.306044,FIU-IND,MULE
STR0000246,ACCT100004198,2022-02-16 06:26:47.896411,AUSTRAC,MULE
STR0000247,ACCT100009020,2022-03-18 06:51:15.805116,FIU-IND,MULE
STR0000248,ACCT100010947,2022-09-13 18:21:37.025612,FinCEN,MULE
STR0000249,ACCT100009481,2022-03-05 14:13:56.439696,AUSTRAC,LAYERING
STR0000250,ACCT100004727,2023-01-17 11:19:16.715930,FinCEN,OTHER
STR0000251,ACCT100004610,2022-02-20 00:34:49.653793,FIU-IND,MULE
STR0000252,ACCT100003252,2022-10-12 21:23:10.345004,AUSTRAC,FRAUD
STR0000253,ACCT100008318,2024-04-25 01:41:25.489427,FIU-IND,LAYERING
STR0000254,ACCT100000871,2022-02-18 18:26:17.590642,AUSTRAC,OTHER
STR0000255,ACCT100003016,2024-04-22 07:05:17.722600,FIU-IND,MULE
STR0000256,ACCT100006480,2022-11-07 10:04:46.084507,FinCEN,MULE
STR0000257,ACCT100008660,2023-07-05 10:22:37.273594,FIU-IND,STRUCTURING
STR0000258,ACCT100007083,2023-04-29 08:32:21.653666,FIU-IND,FRAUD
STR0000259,ACCT100000202,2022-10-23 18:52:22.478156,FIU-IND,LAYERING
STR0000260,ACCT100011869,2023-08-02 06:54:02.044725,FinCEN,FRAUD
STR0000261,ACCT100001518,2022-12-04 03:21:51.926961,FIU-IND,MULE
STR0000262,ACCT100004541,2022-07-28 10:06:35.147812,FIU-IND,FRAUD
STR0000263,ACCT100004704,2022-03-05 18:55:31.656394,FIU-IND,FRAUD
STR0000264,ACCT100000580,2022-04-12 03:02:40.355099,FIU-IND,STRUCTURING
STR0000265,ACCT100005457,2022-05-11 15:25:50.480480,FIU-IND,STRUCTURING
STR0000266,ACCT100009216,2022-09-24 17:08:44.380133,FIU-IND,STRUCTURING
STR0000267,ACCT100008915,2023-04-21 04:12:45.928874,FinCEN,LAYERING
STR0000268,ACCT100007975,2022-03-15 23:38:23.201146,FIU-IND,MULE
STR0000269,ACCT100006180,2023-05-10 18:57:07.643343,AUSTRAC,STRUCTURING
STR0000270,ACCT100003015,2023-02-12 05:18:36.265647,AUSTRAC,STRUCTURING
STR0000271,ACCT100011493,2022-11-18 05:16:02.723095,FINTRAC,FRAUD
STR0000272,ACCT100008729,2022-07-11 23:45:33.309644,FinCEN,MULE
STR0000273,ACCT100009511,2022-07-19 09:47:39.434662,FIU-IND,STRUCTURING
STR0000274,ACCT100008728,2023-03-21 22:03:25.854745,FIU-IND,MULE
STR0000275,ACCT100003909,2022-06-28 23:41:43.420739,FIU-IND,FRAUD
STR0000276,ACCT100006168,2022-09-30 19:32:07.458897,FIU-IND,MULE
STR0000277,ACCT100001090,2022-08-04 12:14:04.746772,FIU-IND,OTHER
STR0000278,ACCT100008691,2023-11-08 22:34:07.933572,FinCEN,MULE
STR0000279,ACCT100011855,2023-12-18 04:16:15.945745,FINTRAC,LAYERING
STR0000280,ACCT100010462,2022-06-02 04:18:06.211611,FIU-IND,LAYERING
STR0000281,ACCT100001016,2023-12-04 08:48:10.578216,FIU-IND,STRUCTURING
STR0000282,ACCT100004015,2023-03-28 19:08:37.460840,FinCEN,FRAUD
STR0000283,ACCT100007518,2022-07-14 03:44:40.032331,AUSTRAC,LAYERING
STR0000284,ACCT100011231,2022-09-10 06:12:43.369484,FIU-IND,STRUCTURING
STR0000285,ACCT100005274,2023-11-19 13:27:48.128749,FIU-IND,STRUCTURING
STR0000286,ACCT100007310,2022-01-13 05:04:20.448845,FIU-IND,LAYERING
STR0000287,ACCT100008257,2023-05-01 22:14:02.552095,FIU-IND,LAYERING
STR0000288,ACCT100002931,2023-01-10 01:55:33.957468,FIU-IND,MULE
STR0000289,ACCT100001595,2022-11-22 23:08:59.837610,FinCEN,MULE
STR0000290,ACCT100006685,2022-06-06 21:55:33.516549,FIU-IND,MULE
STR0000291,ACCT100006585,2022-08-13 11:19:50.419188,FIU-IND,FRAUD
STR0000292,ACCT100010685,2023-04-14 02:25:32.495534,FIU-IND,MULE
STR0000293,ACCT100005459,2022-07-06 02:40:53.872048,FIU-IND,OTHER
STR0000294,ACCT100000209,2023-11-09 20:35:12.509589,FIU-IND,FRAUD
STR0000295,ACCT100005947,2023-08-18 18:20:15.295809,FIU-IND,FRAUD
STR0000296,ACCT100009302,2022-08-26 17:47:20.062948,FIU-IND,STRUCTURING
STR0000297,ACCT100000377,2022-08-22 21:55:43.796531,FIU-IND,MULE
STR0000298,ACCT100000476,2023-02-08 05:58:26.010384,FIU-IND,FRAUD
STR0000299,ACCT100004050,2022-04-05 12:27:15.231323,FIU-IND,FRAUD
STR0000300,ACCT100007132,2024-03-22 05:28:30.070845,FinCEN,STRUCTURING
STR0000301,ACCT100011942,2022-07-06 13:39:18.260529,FinCEN,STRUCTURING
STR0000302,ACCT100003984,2022-02-06 13:10:08.829540,FIU-IND,LAYERING
STR0000303,ACCT100003168,2022-08-10 09:49:21.212756,FinCEN,MULE
STR0000304,ACCT100001997,2023-04-23 09:41:52.500082,FIU-IND,LAYERING
STR0000305,ACCT100011407,2023-05-26 10:57:57.283938,FIU-IND,MULE
STR0000306,ACCT100008282,2022-07-14 05:08:00.360158,FIU-IND,FRAUD
STR0000307,ACCT100006766,2022-07-08 06:26:44.454639,FINTRAC,LAYERING
STR0000308,ACCT100007499,2022-03-07 16:07:58.010092,FIU-IND,OTHER
STR0000309,ACCT100005220,2024-01-28 21:36:42.788317,AUSTRAC,OTHER
STR0000310,ACCT100007990,2022-05-08 14:26:54.722233,FIU-IND,FRAUD
STR0000311,ACCT100001900,2024-06-22 20:07:07.920994,FIU-IND,FRAUD
STR0000312,ACCT100010556,2023-11-01 11:20:04.819791,FIU-IND,STRUCTURING
STR0000313,ACCT100010858,2022-10-11 14:53:23.677554,FIU-IND,OTHER
STR0000314,ACCT100008307,2022-05-05 06:08:55.037946,FIU-IND,STRUCTURING
STR0000315,ACCT100008304,2022-05-09 17:20:25.937580,FIU-IND,OTHER
STR0000316,ACCT100004796,2023-08-29 09:38:11.733727,FinCEN,LAYERING
STR0000317,ACCT100006139,2023-05-31 09:59:11.486703,FIU-IND,LAYERING
STR0000318,ACCT100011073,2024-06-14 17:10:01.244431,FinCEN,LAYERING
STR0000319,ACCT100003794,2024-04-25 08:31:30.287531,AUSTRAC,OTHER
STR0000320,ACCT100009727,2022-05-08 08:21:24.749007,AUSTRAC,MULE
STR0000321,ACCT100009749,2023-03-07 13:25:33.803122,FINTRAC,MULE
STR0000322,ACCT100001138,2022-11-05 18:38:16.490264,FIU-IND,STRUCTURING
STR0000323,ACCT100001196,2024-02-13 03:34:05.847289,FIU-IND,LAYERING
STR0000324,ACCT100006101,2023-09-10 02:06:29.337944,FIU-IND,FRAUD
STR0000325,ACCT100006014,2022-09-10 00:07:36.241954,FIU-IND,MULE
STR0000326,ACCT100007599,2022-03-07 12:41:31.965191,FIU-IND,FRAUD
STR0000327,ACCT100004775,2023-05-14 21:29:50.022281,FinCEN,MULE
STR0000328,ACCT100002445,2023-06-10 12:07:08.804551,FINTRAC,MULE
STR0000329,ACCT100006954,2022-02-04 05:27:00.833458,FIU-IND,FRAUD
STR0000330,ACCT100010012,2022-03-26 08:54:24.822277,FINTRAC,STRUCTURING
STR0000331,ACCT100009327,2023-07-05 14:48:50.302845,FIU-IND,FRAUD
STR0000332,ACCT100011602,2024-09-05 05:17:43.996781,FIU-IND,STRUCTURING
STR0000333,ACCT100007565,2022-07-13 13:19:24.368483,FIU-IND,MULE
STR0000334,ACCT100011816,2022-06-05 20:46:49.754782,FIU-IND,FRAUD
STR0000335,ACCT100000993,2023-12-28 00:51:36.282237,AUSTRAC,FRAUD
STR0000336,ACCT100000558,2022-01-29 11:05:47.396521,FIU-IND,LAYERING
STR0000337,ACCT100010722,2022-03-07 08:21:03.668601,FIU-IND,FRAUD
STR0000338,ACCT100006265,2022-03-10 17:21:56.596373,FinCEN,OTHER
STR0000339,ACCT100010982,2023-10-03 18:16:48.775968,FIU-IND,MULE
STR0000340,ACCT100009018,2022-11-18 08:25:15.318810,AUSTRAC,STRUCTURING
STR0000341,ACCT100006936,2023-11-17 14:10:48.577052,FIU-IND,OTHER
STR0000342,ACCT100006845,2024-06-29 10:34:05.780691,FIU-IND,LAYERING
STR0000343,ACCT100002339,2023-03-31 16:24:31.537887,FIU-IND,STRUCTURING
STR0000344,ACCT100002415,2022-10-05 15:45:12.910263,FinCEN,FRAUD
STR0000345,ACCT100008500,2024-05-08 14:06:20.022535,FINTRAC,LAYERING
STR0000346,ACCT100010509,2022-05-06 06:20:35.280306,FinCEN,STRUCTURING
STR0000347,ACCT100002346,2024-04-28 10:35:28.053112,FinCEN,MULE
STR0000348,ACCT100006181,2022-07-21 10:24:24.045050,FIU-IND,LAYERING
STR0000349,ACCT100002026,2024-01-18 15:20:27.920613,FINTRAC,FRAUD
STR0000350,ACCT100000394,2023-06-26 08:44:01.805869,FIU-IND,OTHER
STR0000351,ACCT100005619,2023-01-02 06:47:25.658880,FinCEN,STRUCTURING
STR0000352,ACCT100005204,2023-03-20 15:06:45.722230,FIU-IND,MULE
STR0000353,ACCT100005023,2022-07-02 17:00:24.623103,FinCEN,OTHER
STR0000354,ACCT100009227,2023-04-29 14:05:02.528569,FIU-IND,LAYERING
STR0000355,ACCT100007725,2022-02-07 21:08:30.310827,FIU-IND,FRAUD
STR0000356,ACCT100011338,2023-06-26 02:04:26.796728,AUSTRAC,LAYERING
STR0000357,ACCT100009589,2024-04-21 12:49:59.100552,FIU-IND,STRUCTURING
STR0000358,ACCT100007767,2024-08-20 22:02:20.288711,FIU-IND,FRAUD
STR0000359,ACCT100008331,2022-06-01 16:01:29.600724,FIU-IND,LAYERING
STR0000360,ACCT100006736,2022-10-21 16:44:41.324680,FinCEN,FRAUD
STR0000361,ACCT100005652,2024-06-22 11:41:08.641685,FIU-IND,STRUCTURING
STR0000362,ACCT100000679,2023-11-26 06:35:33.604245,FIU-IND,LAYERING
STR0000363,ACCT100009038,2022-04-12 12:54:47.136311,FIU-IND,FRAUD
STR0000364,ACCT100004088,2022-03-11 03:03:55.141641,FIU-IND,FRAUD
STR0000365,ACCT100007832,2022-10-08 13:32:27.997078,AUSTRAC,FRAUD
STR0000366,ACCT100002881,2022-03-08 16:57:53.903251,FinCEN,STRUCTURING
STR0000367,ACCT100006839,2022-04-28 20:00:20.026367,FIU-IND,STRUCTURING
STR0000368,ACCT100005167,2022-10-04 22:26:25.682832,FIU-IND,OTHER
STR0000369,ACCT100001095,2022-06-22 07:54:30.623816,FIU-IND,MULE
STR0000370,ACCT100000867,2024-06-17 02:14:59.746687,FinCEN,STRUCTURING
STR0000371,ACCT100004019,2022-05-28 21:13:00.816749,FinCEN,STRUCTURING
STR0000372,ACCT100011455,2023-01-16 01:51:17.272628,FinCEN,FRAUD
STR0000373,ACCT100001105,2023-03-17 16:08:24.381433,FIU-IND,LAYERING
STR0000374,ACCT100001009,2022-09-30 17:30:07.988991,FinCEN,FRAUD
STR0000375,ACCT100004937,2022-06-23 07:40:34.011126,FIU-IND,MULE
STR0000376,ACCT100005013,2022-05-16 22:08:22.298438,FIU-IND,LAYERING
STR0000377,ACCT100005404,2024-05-30 02:33:28.692278,AUSTRAC,STRUCTURING
STR0000378,ACCT100007515,2022-11-13 06:26:11.260086,FinCEN,STRUCTURING
STR0000379,ACCT100005363,2023-02-14 14:24:50.447263,FIU-IND,FRAUD
STR0000380,ACCT100006375,2022-10-25 14:32:29.700008,FinCEN,MULE
STR0000381,ACCT100000868,2023-11-17 17:39:15.264893,AUSTRAC,LAYERING
STR0000382,ACCT100002249,2022-10-04 17:14:23.183348,AUSTRAC,LAYERING
STR0000383,ACCT100003631,2022-11-12 15:49:29.897637,FIU-IND,MULE
STR0000384,ACCT100006876,2023-11-11 14:49:03.319187,FIU-IND,STRUCTURING
STR0000385,ACCT100000005,2024-03-15 13:18:30.980936,FinCEN,FRAUD
STR0000386,ACCT100004593,2023-05-16 03:30:33.510885,FIU-IND,MULE
STR0000387,ACCT100004480,2022-06-01 05:41:31.072973,FIU-IND,MULE
STR0000388,ACCT100004373,2023-08-24 16:56:13.322596,FIU-IND,MULE
STR0000389,ACCT100002639,2024-08-04 00:03:40.271524,FIU-IND,OTHER
STR0000390,ACCT100003271,2024-05-06 00:44:57.515382,FIU-IND,FRAUD
STR0000391,ACCT100003169,2022-08-23 10:48:24.028821,FIU-IND,OTHER
STR0000392,ACCT100002295,2022-07-09 20:23:46.227741,FIU-IND,STRUCTURING
STR0000393,ACCT100011208,2022-08-05 17:29:50.621224,FIU-IND,MULE
STR0000394,ACCT100011544,2022-04-09 08:45:13.585976,FinCEN,FRAUD
STR0000395,ACCT100001539,2022-05-29 02:14:06.820481,FIU-IND,LAYERING
STR0000396,ACCT100003265,2024-07-27 09:24:24.293508,FIU-IND,MULE
STR0000397,ACCT100002795,2024-01-11 12:10:24.193623,FIU-IND,STRUCTURING
STR0000398,ACCT100005880,2024-03-21 23:00:41.318571,FIU-IND,FRAUD
STR0000399,ACCT100007989,2024-02-19 08:32:09.946653,FIU-IND,MULE
STR0000400,ACCT100010122,2023-03-23 08:34:31.796261,FIU-IND,FRAUD
STR0000401,ACCT100000496,2024-04-18 07:08:42.184029,AUSTRAC,FRAUD
STR0000402,ACCT100002398,2022-06-02 23:52:47.214145,FIU-IND,FRAUD
STR0000403,ACCT100005702,2022-07-17 22:21:17.085331,FIU-IND,OTHER
STR0000404,ACCT100006044,2024-01-23 12:15:05.414537,FIU-IND,MULE
STR0000405,ACCT100000835,2022-12-29 03:17:51.447126,FinCEN,FRAUD
STR0000406,ACCT100007522,2022-07-02 05:02:22.403072,FIU-IND,MULE
STR0000407,ACCT100003958,2022-02-27 18:54:03.001244,FinCEN,FRAUD
STR0000408,ACCT100005614,2022-02-08 18:18:54.950923,FinCEN,LAYERING
STR0000409,ACCT100004639,2022-10-28 15:15:43.714913,FIU-IND,LAYERING
STR0000410,ACCT100007653,2022-05-17 18:58:15.668893,FIU-IND,STRUCTURING
STR0000411,ACCT100007326,2023-04-19 03:29:55.262055,FIU-IND,FRAUD
STR0000412,ACCT100007707,2022-11-22 13:24:12.191629,FINTRAC,STRUCTURING
STR0000413,ACCT100011690,2024-02-08 19:12:55.428210,AUSTRAC,STRUCTURING
STR0000414,ACCT100003735,2023-10-06 18:48:16.180552,FIU-IND,MULE
STR0000415,ACCT100006161,2023-10-27 03:53:19.980294,FIU-IND,LAYERING
STR0000416,ACCT100002613,2022-07-23 19:40:08.612397,FinCEN,LAYERING
STR0000417,ACCT100008212,2023-03-17 05:55:46.299371,FIU-IND,FRAUD
STR0000418,ACCT100009610,2023-11-07 10:07:19.088944,FIU-IND,FRAUD
STR0000419,ACCT100005659,2024-06-25 08:35:20.688943,FIU-IND,LAYERING
STR0000420,ACCT100002728,2024-05-05 18:50:07.847644,FINTRAC,MULE
STR0000421,ACCT100002584,2023-05-24 10:14:00.717988,FinCEN,MULE
STR0000422,ACCT100006767,2022-05-05 09:02:16.463191,FIU-IND,STRUCTURING
STR0000423,ACCT100004103,2023-11-22 06:52:14.919304,FinCEN,STRUCTURING
STR0000424,ACCT100006698,2024-05-11 05:37:51.018029,FinCEN,STRUCTURING
STR0000425,ACCT100009032,2023-06-04 05:44:55.439409,FINTRAC,OTHER
STR0000426,ACCT100005297,2022-11-18 13:17:37.821764,FINTRAC,OTHER
STR0000427,ACCT100009043,2022-11-08 15:35:10.120260,FinCEN,FRAUD
STR0000428,ACCT100006564,2022-07-09 10:45:48.931149,FIU-IND,MULE
STR0000429,ACCT100010516,2022-05-03 00:00:54.585473,AUSTRAC,OTHER
STR0000430,ACCT100008679,2022-12-24 16:03:50.909187,FIU-IND,LAYERING
STR0000431,ACCT100011926,2022-05-18 05:52:17.048397,FIU-IND,FRAUD
STR0000432,ACCT100005669,2023-04-19 00:04:07.221967,FIU-IND,MULE
STR0000433,ACCT100003504,2022-01-25 07:44:41.894554,FIU-IND,OTHER
STR0000434,ACCT100010292,2022-11-17 06:45:40.515705,AUSTRAC,STRUCTURING
STR0000435,ACCT100009314,2022-02-24 16:20:48.616496,FINTRAC,MULE
STR0000436,ACCT100008642,2023-03-08 09:36:01.136229,AUSTRAC,LAYERING
STR0000437,ACCT100004800,2023-08-04 20:53:24.139190,FIU-IND,STRUCTURING
STR0000438,ACCT100011553,2022-08-23 07:19:24.245023,FIU-IND,OTHER
STR0000439,ACCT100002609,2023-03-21 20:09:06.687019,FinCEN,FRAUD
STR0000440,ACCT100004988,2024-05-16 02:35:32.010960,FIU-IND,STRUCTURING
STR0000441,ACCT100003424,2022-03-05 05:26:07.591549,FIU-IND,STRUCTURING
STR0000442,ACCT100005648,2022-04-25 00:30:29.500372,FINTRAC,LAYERING
STR0000443,ACCT100009724,2023-08-07 04:17:37.484619,FINTRAC,STRUCTURING
STR0000444,ACCT100008000,2023-08-03 16:39:22.678813,FIU-IND,FRAUD
STR0000445,ACCT100005852,2023-07-06 01:11:19.375318,FinCEN,STRUCTURING
STR0000446,ACCT100009580,2022-04-27 06:34:55.331112,FIU-IND,FRAUD
STR0000447,ACCT100011712,2022-01-26 15:51:54.328388,FinCEN,STRUCTURING
STR0000448,ACCT100004275,2022-07-19 15:58:41.232169,FIU-IND,FRAUD
STR0000449,ACCT100011950,2022-10-24 12:55:30.035182,FIU-IND,STRUCTURING
STR0000450,ACCT100006149,2022-04-17 17:43:17.925156,FIU-IND,STRUCTURING
STR0000451,ACCT100010057,2023-02-16 20:12:04.792803,FIU-IND,STRUCTURING
STR0000452,ACCT100009681,2023-07-22 09:34:51.324105,FIU-IND,MULE
STR0000453,ACCT100009442,2023-01-04 14:07:26.975858,FINTRAC,FRAUD
STR0000454,ACCT100010296,2022-09-26 14:42:27.244010,FinCEN,LAYERING
STR0000455,ACCT100001837,2024-07-07 12:01:10.389895,FINTRAC,MULE
STR0000456,ACCT100006006,2022-08-03 16:17:04.094816,FIU-IND,MULE
STR0000457,ACCT100009439,2022-06-11 20:54:33.480093,FIU-IND,STRUCTURING
STR0000458,ACCT100004264,2023-08-17 07:47:17.854403,FIU-IND,STRUCTURING
STR0000459,ACCT100003359,2023-02-28 15:35:08.702080,FINTRAC,FRAUD
STR0000460,ACCT100010842,2022-09-16 11:35:05.046095,FIU-IND,LAYERING
STR0000461,ACCT100004925,2023-07-08 12:26:54.438426,FINTRAC,OTHER
STR0000462,ACCT100003213,2022-06-07 13:11:53.468003,AUSTRAC,LAYERING
STR0000463,ACCT100010762,2022-01-29 08:46:36.104308,FIU-IND,OTHER
STR0000464,ACCT100006192,2022-10-27 08:54:37.636354,FIU-IND,FRAUD
STR0000465,ACCT100001652,2022-11-07 23:56:22.181062,FIU-IND,FRAUD
STR0000466,ACCT100008269,2024-05-28 01:51:18.528661,FIU-IND,FRAUD
STR0000467,ACCT100005612,2022-03-23 13:59:42.323913,FinCEN,OTHER
STR0000468,ACCT100011967,2022-07-14 20:38:04.726255,FinCEN,STRUCTURING
STR0000469,ACCT100001307,2023-07-12 22:13:37.930845,FIU-IND,FRAUD
STR0000470,ACCT100004411,2022-04-13 11:18:01.623148,FINTRAC,STRUCTURING
STR0000471,ACCT100009377,2022-10-21 12:56:52.992903,FIU-IND,FRAUD
STR0000472,ACCT100006394,2022-04-08 03:55:52.715867,FIU-IND,LAYERING
STR0000473,ACCT100006544,2022-02-12 10:25:42.268686,AUSTRAC,STRUCTURING
STR0000474,ACCT100001024,2024-03-15 15:39:11.340423,FinCEN,FRAUD
STR0000475,ACCT100010497,2022-10-08 22:13:27.340260,AUSTRAC,STRUCTURING
STR0000476,ACCT100008783,2022-09-17 20:22:29.144164,FIU-IND,STRUCTURING
STR0000477,ACCT100001577,2022-04-05 00:04:46.568821,FINTRAC,STRUCTURING
STR0000478,ACCT100009734,2023-06-08 22:31:50.729483,FIU-IND,STRUCTURING
STR0000479,ACCT100004131,2022-07-09 09:58:23.232036,FINTRAC,STRUCTURING
STR0000480,ACCT100005876,2024-05-18 11:45:45.530723,FIU-IND,MULE
STR0000481,ACCT100010501,2022-11-05 08:44:02.229702,FIU-IND,MULE
STR0000482,ACCT100003660,2022-01-30 17:29:20.186753,FINTRAC,OTHER
STR0000483,ACCT100010705,2022-03-27 04:30:15.239351,FIU-IND,MULE
STR0000484,ACCT100010541,2023-07-16 11:15:10.015761,AUSTRAC,STRUCTURING
STR0000485,ACCT100007649,2022-05-12 21:00:03.143335,FIU-IND,STRUCTURING
STR0000486,ACCT100006813,2024-05-11 05:25:23.645186,FinCEN,FRAUD
STR0000487,ACCT100011000,2024-06-04 18:04:17.570413,FINTRAC,MULE
STR0000488,ACCT100011719,2023-01-12 16:32:58.315907,FIU-IND,LAYERING
STR0000489,ACCT100010500,2023-06-30 20:14:17.475804,FinCEN,LAYERING
STR0000490,ACCT100011494,2022-11-17 11:52:14.441157,AUSTRAC,OTHER
STR0000491,ACCT100011390,2022-02-06 00:21:58.707826,FIU-IND,MULE
STR0000492,ACCT100003241,2023-02-24 10:42:02.566362,FIU-IND,OTHER
STR0000493,ACCT100000822,2023-08-10 04:27:32.130903,FIU-IND,STRUCTURING
STR0000494,ACCT100001631,2022-04-15 05:44:38.287008,FIU-IND,STRUCTURING
STR0000495,ACCT100001527,2023-12-01 21:05:45.172381,FINTRAC,FRAUD
STR0000496,ACCT100003412,2022-07-09 06:52:35.143591,FIU-IND,FRAUD
STR0000497,ACCT100002901,2024-05-10 23:17:02.035532,FIU-IND,FRAUD
STR0000498,ACCT100009568,2023-09-10 21:51:19.748234,FinCEN,STRUCTURING
STR0000499,ACCT100001071,2022-08-14 01:11:56.674855,FIU-IND,LAYERING
STR0000500,ACCT100000181,2022-06-16 23:40:57.773635,AUSTRAC,STRUCTURING
STR0000501,ACCT100005577,2022-09-29 18:27:11.456834,AUSTRAC,LAYERING
STR0000502,ACCT100006511,2023-07-17 22:06:46.240576,FINTRAC,MULE
STR0000503,ACCT100006065,2022-09-16 13:45:26.338174,FIU-IND,FRAUD
STR0000504,ACCT100000124,2022-10-16 20:42:07.102817,FIU-IND,LAYERING
STR0000505,ACCT100010999,2023-10-04 03:15:40.499849,FIU-IND,FRAUD
STR0000506,ACCT100000340,2024-01-27 16:51:38.420818,FIU-IND,STRUCTURING
STR0000507,ACCT100011707,2024-08-14 15:50:06.399931,FIU-IND,LAYERING
STR0000508,ACCT100003045,2022-04-28 10:09:01.505649,FIU-IND,LAYERING
STR0000509,ACCT100002254,2023-04-14 03:31:32.510414,FINTRAC,STRUCTURING
STR0000510,ACCT100007965,2024-05-24 11:11:41.391030,FIU-IND,MULE
STR0000511,ACCT100002463,2022-06-01 03:34:35.286129,FIU-IND,STRUCTURING
STR0000512,ACCT100010522,2022-08-18 22:26:21.374742,FIU-IND,STRUCTURING
STR0000513,ACCT100001642,2022-08-13 11:00:22.475975,FIU-IND,MULE
STR0000514,ACCT100004731,2022-11-11 14:53:34.005639,AUSTRAC,LAYERING
STR0000515,ACCT100011840,2023-04-24 02:22:54.933879,FinCEN,MULE
STR0000516,ACCT100011986,2022-06-20 23:19:15.299662,FINTRAC,FRAUD
STR0000517,ACCT100011361,2023-01-13 22:19:32.891743,FIU-IND,STRUCTURING
STR0000518,ACCT100010042,2023-06-24 06:49:29.640544,FINTRAC,FRAUD
STR0000519,ACCT100004426,2023-08-27 02:18:27.752497,FinCEN,LAYERING
STR0000520,ACCT100001907,2024-08-03 09:40:37.026824,FIU-IND,FRAUD
STR0000521,ACCT100002380,2023-08-10 19:18:51.069004,FINTRAC,LAYERING
STR0000522,ACCT100002599,2022-08-01 03:57:51.397473,FIU-IND,STRUCTURING
STR0000523,ACCT100010123,2022-03-26 08:00:25.684395,FIU-IND,STRUCTURING
STR0000524,ACCT100005233,2022-03-02 09:26:11.457662,FinCEN,FRAUD
STR0000525,ACCT100008669,2022-04-06 19:20:29.193223,FIU-IND,STRUCTURING
STR0000526,ACCT100000932,2022-04-27 19:02:15.642493,FINTRAC,LAYERING
STR0000527,ACCT100000171,2022-03-20 06:50:18.407367,FinCEN,MULE
STR0000528,ACCT100001482,2022-11-02 17:57:23.997981,FIU-IND,OTHER
STR0000529,ACCT100010480,2023-01-21 04:36:58.903206,FIU-IND,FRAUD
STR0000530,ACCT100009827,2022-05-24 08:37:37.360095,FIU-IND,OTHER
STR0000531,ACCT100000714,2022-06-11 13:39:01.721542,FinCEN,MULE
STR0000532,ACCT100009078,2024-07-01 17:24:38.069045,FINTRAC,FRAUD
STR0000533,ACCT100006170,2022-06-19 16:40:18.456305,FIU-IND,LAYERING
STR0000534,ACCT100004071,2022-09-17 20:23:13.016529,AUSTRAC,FRAUD
STR0000535,ACCT100001689,2022-05-02 16:33:32.843468,FinCEN,STRUCTURING
STR0000536,ACCT100005987,2022-09-10 01:20:28.133560,FIU-IND,STRUCTURING
STR0000537,ACCT100001340,2024-01-24 05:41:34.959694,FIU-IND,OTHER
STR0000538,ACCT100002044,2023-12-07 01:52:12.295301,FIU-IND,STRUCTURING
STR0000539,ACCT100003693,2023-12-27 03:46:55.472988,FIU-IND,FRAUD
STR0000540,ACCT100009204,2023-12-01 12:24:30.500841,FIU-IND,FRAUD
STR0000541,ACCT100004768,2022-05-20 23:10:47.483546,FinCEN,LAYERING
STR0000542,ACCT100009179,2023-05-19 01:20:35.001784,FIU-IND,LAYERING
STR0000543,ACCT100008105,2023-06-04 18:15:27.379122,FIU-IND,MULE
STR0000544,ACCT100010445,2022-07-31 10:33:23.686068,FinCEN,LAYERING
STR0000545,ACCT100010164,2023-09-27 01:29:10.530809,FIU-IND,STRUCTURING
STR0000546,ACCT100010727,2023-06-07 12:46:42.576449,FIU-IND,LAYERING
STR0000547,ACCT100007178,2022-04-26 19:04:14.753692,FINTRAC,LAYERING
STR0000548,ACCT100003089,2022-09-20 03:45:22.837271,FIU-IND,FRAUD
STR0000549,ACCT100001021,2023-04-11 06:27:56.354769,FIU-IND,OTHER
STR0000550,ACCT100003729,2023-06-20 18:22:06.145251,FIU-IND,OTHER
STR0000551,ACCT100002519,2022-04-07 10:29:33.977796,FinCEN,STRUCTURING
STR0000552,ACCT100011457,2023-12-01 13:28:42.618814,AUSTRAC,STRUCTURING
STR0000553,ACCT100002429,2023-03-19 21:13:18.315863,FIU-IND,STRUCTURING
STR0000554,ACCT100005908,2024-02-01 05:42:18.262683,FinCEN,LAYERING
STR0000555,ACCT100000157,2023-06-03 22:29:36.334195,FIU-IND,STRUCTURING
STR0000556,ACCT100009825,2023-02-19 03:37:19.891387,FIU-IND,STRUCTURING
STR0000557,ACCT100005451,2022-08-03 06:30:20.786951,FINTRAC,STRUCTURING
STR0000558,ACCT100001014,2023-01-22 22:41:28.196193,FinCEN,FRAUD
STR0000559,ACCT100007288,2023-07-21 22:56:18.469596,FIU-IND,MULE
STR0000560,ACCT100005291,2022-05-05 02:01:26.484063,FinCEN,LAYERING
STR0000561,ACCT100005630,2023-01-10 11:13:47.010943,FIU-IND,STRUCTURING
STR0000562,ACCT100003105,2022-05-31 11:42:45.710713,FinCEN,MULE
STR0000563,ACCT100001935,2023-12-26 18:33:06.736555,FinCEN,FRAUD
STR0000564,ACCT100009886,2022-06-29 03:43:45.329617,FinCEN,FRAUD
STR0000565,ACCT100006275,2022-03-28 14:50:22.569706,FINTRAC,FRAUD
STR0000566,ACCT100009722,2023-10-10 14:15:40.614122,AUSTRAC,OTHER
STR0000567,ACCT100007479,2022-08-10 11:55:58.656238,FIU-IND,OTHER
STR0000568,ACCT100010119,2022-06-30 22:09:59.507197,FIU-IND,LAYERING
STR0000569,ACCT100005957,2022-11-21 14:04:30.318006,AUSTRAC,LAYERING
STR0000570,ACCT100003179,2023-02-08 02:28:28.958276,FINTRAC,LAYERING
STR0000571,ACCT100005991,2023-12-24 18:33:30.697235,FIU-IND,STRUCTURING
STR0000572,ACCT100001639,2024-06-10 17:34:28.866153,FIU-IND,MULE
STR0000573,ACCT100010404,2022-07-17 21:46:31.455132,FIU-IND,MULE
STR0000574,ACCT100008883,2022-09-28 12:28:51.422355,FINTRAC,MULE
STR0000575,ACCT100000002,2023-04-20 15:29:28.101529,FIU-IND,STRUCTURING
STR0000576,ACCT100006581,2024-08-24 13:14:37.776481,FIU-IND,STRUCTURING
STR0000577,ACCT100001141,2024-04-08 11:53:19.715363,FIU-IND,LAYERING
STR0000578,ACCT100005605,2023-01-08 12:52:56.954799,FinCEN,STRUCTURING
STR0000579,ACCT100008032,2022-04-12 03:30:06.723937,FinCEN,LAYERING
STR0000580,ACCT100001806,2022-09-10 03:39:27.564941,FIU-IND,MULE
STR0000581,ACCT100002356,2023-04-18 03:05:59.745540,FIU-IND,OTHER
STR0000582,ACCT100006468,2022-10-07 15:43:43.388217,FIU-IND,OTHER
STR0000583,ACCT100010543,2022-09-30 19:37:08.726022,FIU-IND,STRUCTURING
STR0000584,ACCT100009255,2022-12-16 21:16:15.431549,FIU-IND,STRUCTURING
STR0000585,ACCT100002494,2023-09-13 13:18:03.642926,FIU-IND,STRUCTURING
STR0000586,ACCT100007943,2022-09-07 14:53:48.974898,FinCEN,MULE
STR0000587,ACCT100004355,2022-06-02 05:16:29.925639,FINTRAC,MULE
STR0000588,ACCT100005728,2022-05-03 05:59:12.224666,FIU-IND,LAYERING
STR0000589,ACCT100001905,2022-05-15 17:08:38.255329,FIU-IND,MULE
STR0000590,ACCT100000834,2022-08-15 15:53:40.970081,FIU-IND,MULE
STR0000591,ACCT100009444,2022-08-12 13:37:40.902169,FIU-IND,FRAUD
STR0000592,ACCT100002976,2022-06-01 22:00:03.306557,FIU-IND,OTHER
STR0000593,ACCT100000503,2022-03-17 18:59:55.216598,FIU-IND,FRAUD
STR0000594,ACCT100005613,2024-05-19 10:00:18.552783,FIU-IND,FRAUD
STR0000595,ACCT100000907,2022-03-27 00:11:59.672145,FinCEN,STRUCTURING
STR0000596,ACCT100010766,2022-10-04 21:59:01.327983,FIU-IND,LAYERING
STR0000597,ACCT100009609,2022-02-27 12:03:36.152978,FIU-IND,MULE
STR0000598,ACCT100002540,2022-09-12 00:45:22.939140,FIU-IND,STRUCTURING
STR0000599,ACCT100009991,2023-02-12 18:22:56.588161,FIU-IND,FRAUD
STR0000600,ACCT100010277,2022-06-21 17:12:36.266560,FINTRAC,FRAUD
STR0000601,ACCT100006907,2022-10-23 19:39:53.175204,FIU-IND,STRUCTURING
STR0000602,ACCT100003877,2022-04-30 01:09:39.880744,FIU-IND,MULE
STR0000603,ACCT100010322,2023-02-08 05:55:19.647721,FinCEN,MULE
STR0000604,ACCT100007280,2023-10-24 16:06:11.966949,FIU-IND,LAYERING
STR0000605,ACCT100001364,2023-09-24 09:35:55.077941,FIU-IND,LAYERING
STR0000606,ACCT100010339,2023-08-27 09:29:55.901585,FINTRAC,STRUCTURING
STR0000607,ACCT100006924,2022-07-15 17:14:17.748983,FIU-IND,STRUCTURING
STR0000608,ACCT100011918,2022-08-14 17:14:44.873745,FIU-IND,LAYERING
STR0000609,ACCT100006722,2022-04-30 18:45:27.252497,AUSTRAC,MULE
STR0000610,ACCT100008889,2023-11-02 00:38:11.863353,FIU-IND,FRAUD
STR0000611,ACCT100008121,2023-01-30 15:00:08.447322,FIU-IND,MULE
STR0000612,ACCT100005465,2022-04-13 13:00:02.426852,FIU-IND,OTHER
STR0000613,ACCT100009358,2023-07-31 03:43:03.075569,FIU-IND,STRUCTURING
STR0000614,ACCT100009260,2023-11-17 23:24:32.355439,FIU-IND,OTHER
STR0000615,ACCT100007440,2022-01-25 03:09:35.528838,FIU-IND,OTHER
STR0000616,ACCT100000917,2022-08-03 12:53:15.478640,FIU-IND,LAYERING
STR0000617,ACCT100003714,2023-02-18 02:53:20.797230,FINTRAC,STRUCTURING
STR0000618,ACCT100010878,2024-04-29 16:29:22.179650,FIU-IND,MULE
STR0000619,ACCT100006747,2022-05-05 10:44:11.271242,FIU-IND,LAYERING
STR0000620,ACCT100004571,2022-04-23 03:10:34.854980,FIU-IND,STRUCTURING
STR0000621,ACCT100003453,2022-10-26 05:35:15.379820,FIU-IND,STRUCTURING
STR0000622,ACCT100007116,2022-06-25 23:13:22.678079,FIU-IND,STRUCTURING
STR0000623,ACCT100001437,2022-05-28 11:16:02.887420,FIU-IND,STRUCTURING
STR0000624,ACCT100005497,2022-03-16 14:17:00.065975,AUSTRAC,STRUCTURING
STR0000625,ACCT100007577,2023-05-05 13:21:36.045420,FinCEN,STRUCTURING
STR0000626,ACCT100001787,2023-10-17 07:43:13.458129,FINTRAC,STRUCTURING
STR0000627,ACCT100010898,2022-09-03 04:54:37.837078,FIU-IND,STRUCTURING
STR0000628,ACCT100001220,2022-10-29 20:38:30.914247,FIU-IND,MULE
STR0000629,ACCT100004215,2024-04-29 10:40:52.621396,FinCEN,OTHER
STR0000630,ACCT100010310,2022-04-12 14:27:43.046489,FIU-IND,STRUCTURING
STR0000631,ACCT100000592,2024-04-07 05:37:03.430840,FIU-IND,LAYERING
STR0000632,ACCT100009506,2022-10-18 03:39:09.194482,FinCEN,OTHER
STR0000633,ACCT100010433,2022-06-20 20:28:21.273649,FIU-IND,LAYERING
STR0000634,ACCT100001578,2023-03-02 19:37:32.750439,FIU-IND,MULE
STR0000635,ACCT100000797,2022-06-11 13:02:14.368649,FIU-IND,STRUCTURING
STR0000636,ACCT100007113,2022-11-12 22:06:10.664060,FinCEN,FRAUD
STR0000637,ACCT100011927,2022-05-03 19:00:58.346952,FIU-IND,MULE
STR0000638,ACCT100003055,2022-04-21 11:42:51.299066,FIU-IND,MULE
STR0000639,ACCT100005001,2024-02-27 12:12:26.760824,FINTRAC,LAYERING
STR0000640,ACCT100002330,2022-11-23 19:12:20.492609,FIU-IND,LAYERING
STR0000641,ACCT100011617,2024-02-26 08:59:37.560254,FIU-IND,OTHER
STR0000642,ACCT100007772,2022-05-05 08:55:02.147911,FIU-IND,OTHER
STR0000643,ACCT100010912,2022-04-24 05:05:24.369166,FIU-IND,OTHER
STR0000644,ACCT100006225,2022-03-10 16:48:55.406255,FIU-IND,OTHER
STR0000645,ACCT100004129,2024-08-06 03:40:18.807539,FIU-IND,OTHER
STR0000646,ACCT100008359,2022-03-26 04:56:38.735945,FIU-IND,OTHER
STR0000647,ACCT100007126,2023-09-21 12:02:20.663174,FIU-IND,OTHER
STR0000648,ACCT100003592,2022-08-30 15:30:50.766783,FIU-IND,OTHER
STR0000649,ACCT100010683,2022-11-15 22:22:59.456843,FIU-IND,OTHER
STR0000650,ACCT100007526,2022-03-23 17:33:12.587990,FIU-IND,OTHER
STR0000651,ACCT100007084,2022-09-25 09:18:14.666028,FIU-IND,OTHER
STR0000652,ACCT100007019,2022-09-05 00:51:23.794733,FIU-IND,OTHER
STR0000653,ACCT100011166,2023-01-22 15:18:51.811428,FIU-IND,OTHER
STR0000654,ACCT100002033,2022-08-31 14:29:36.022605,FIU-IND,OTHER
STR0000655,ACCT100001148,2023-09-04 22:50:07.220925,FIU-IND,OTHER
STR0000656,ACCT100010024,2022-07-27 03:52:16.074231,FIU-IND,OTHER
STR0000657,ACCT100004278,2023-03-06 04:36:41.557770,FIU-IND,OTHER
STR0000658,ACCT100005633,2022-07-25 07:24:14.349094,FIU-IND,OTHER
STR0000659,ACCT100001635,2022-06-15 05:11:35.598531,FIU-IND,OTHER
STR0000660,ACCT100011093,2022-04-02 05:57:55.098785,FIU-IND,OTHER
STR0000661,ACCT100007615,2022-04-16 07:18:54.747117,FIU-IND,OTHER
STR0000662,ACCT100004260,2022-12-18 13:02:07.162803,FIU-IND,OTHER
STR0000663,ACCT100000316,2024-03-19 19:59:39.035851,FIU-IND,OTHER
STR0000664,ACCT100009263,2023-12-10 02:44:54.807948,FIU-IND,OTHER
STR0000665,ACCT100003094,2023-10-11 22:07:46.170220,FIU-IND,OTHER
STR0000666,ACCT100007785,2022-10-11 19:16:09.314075,FIU-IND,OTHER
STR0000667,ACCT100009258,2023-12-04 04:12:55.046599,FIU-IND,OTHER
STR0000668,ACCT100001996,2023-05-23 15:53:20.110310,FIU-IND,OTHER
STR0000669,ACCT100001233,2024-06-03 00:18:32.602482,FIU-IND,OTHER
STR0000670,ACCT100005687,2022-12-01 06:45:11.684730,FIU-IND,OTHER
STR0000671,ACCT100008317,2022-07-02 18:15:10.896341,FIU-IND,OTHER
STR0000672,ACCT100002049,2023-09-18 05:54:49.819647,FIU-IND,OTHER
STR0000673,ACCT100009085,2023-04-28 21:26:27.594565,FIU-IND,OTHER
STR0000674,ACCT100003838,2023-12-16 16:43:34.312246,FIU-IND,OTHER
STR0000675,ACCT100006795,2023-08-31 15:46:34.981273,FIU-IND,OTHER
STR0000676,ACCT100009056,2022-07-19 23:31:33.205439,FIU-IND,OTHER
STR0000677,ACCT100003801,2023-02-01 12:04:49.712828,FIU-IND,OTHER
STR0000678,ACCT100001203,2023-04-06 02:56:08.064468,FIU-IND,OTHER
STR0000679,ACCT100005254,2022-10-02 10:51:31.248966,FIU-IND,OTHER
STR0000680,ACCT100003137,2024-04-29 19:28:06.286138,FIU-IND,OTHER
STR0000681,ACCT100010019,2022-10-07 15:35:30.047585,FIU-IND,OTHER
STR0000682,ACCT100002598,2024-03-30 20:30:14.762757,FIU-IND,OTHER
STR0000683,ACCT100006676,2022-04-20 19:23:34.401334,FIU-IND,OTHER
STR0000684,ACCT100003564,2023-11-27 16:29:36.374517,FIU-IND,OTHER
STR0000685,ACCT100006109,2023-02-14 06:33:48.359705,FIU-IND,OTHER
STR0000686,ACCT100003262,2022-06-03 07:48:15.877217,FIU-IND,OTHER
STR0000687,ACCT100007890,2023-01-12 08:26:42.731917,FIU-IND,OTHER
STR0000688,ACCT100002112,2022-09-26 10:11:03.713868,FIU-IND,OTHER
STR0000689,ACCT100006660,2023-03-13 01:06:19.050860,FIU-IND,OTHER
STR0000690,ACCT100003545,2022-11-30 00:00:42.422434,FIU-IND,OTHER
STR0000691,ACCT100009438,2023-07-08 09:49:57.108922,FIU-IND,OTHER
STR0000692,ACCT100003298,2022-04-05 02:30:43.031029,FIU-IND,OTHER
STR0000693,ACCT100005027,2023-10-01 21:32:18.711645,FIU-IND,OTHER
STR0000694,ACCT100000524,2023-05-25 08:08:23.724698,FIU-IND,OTHER
STR0000695,ACCT100008710,2022-04-20 04:29:02.051299,FIU-IND,OTHER
STR0000696,ACCT100008642,2023-01-28 09:36:01.136229,FIU-IND,OTHER
STR0000697,ACCT100011807,2022-10-21 21:21:28.675252,FIU-IND,OTHER
STR0000698,ACCT100005761,2023-05-20 22:59:27.787942,FIU-IND,OTHER
STR0000699,ACCT100011013,2022-06-23 07:06:26.296694,FIU-IND,OTHER
STR0000700,ACCT100009364,2024-06-27 15:33:53.569569,FIU-IND,OTHER
