account_id,str_filed_date
ACC_005000,2024-07-18
ACC_004249,2024-08-15
ACC_008174,2024-08-20
ACC_008841,2024-07-20
ACC_000126,2024-07-28
ACC_008453,2024-08-12
ACC_004262,2024-08-08
ACC_001833,2024-07-16
ACC_007097,2024-07-26
ACC_006658,2024-07-20
ACC_005909,2024-08-16
ACC_006076,2024-07-24
ACC_005817,2024-08-10
ACC_002268,2024-08-24
ACC_008032,2024-07-09
ACC_000035,2024-08-14
ACC_003239,2024-07-11
ACC_006159,2024-07-20
ACC_006391,2024-08-10
ACC_003420,2024-08-14
ACC_009434,2024-07-30
ACC_005909,2024-07-15
ACC_002104,2024-08-23
ACC_006444,2024-07-11
ACC_003153,2024-08-14
ACC_007499,2024-07-09
ACC_004599,2024-08-04
ACC_006121,2024-08-12
ACC_005787,2024-08-17
ACC_007215,2024-07-27
ACC_006888,2024-07-14
ACC_008673,2024-08-21
ACC_005946,2024-08-10
ACC_003811,2024-07-17
ACC_004599,2024-07-26
ACC_008818,2024-07-23
ACC_006805,2024-08-11
ACC_007015,2024-08-25
ACC_002066,2024-07-11
ACC_003153,2024-07-13
ACC_009403,2024-08-15
ACC_000685,2024-08-26
ACC_001076,2024-07-17
ACC_006274,2024-07-28
ACC_006161,2024-07-12
ACC_003419,2024-07-29
ACC_003425,2024-08-11
ACC_004234,2024-07-22
ACC_007898,2024-08-10
ACC_006358,2024-07-10
ACC_003009,2024-08-25
ACC_006087,2024-08-10
ACC_002618,2024-08-28
ACC_009286,2024-08-29
ACC_003621,2024-08-31
ACC_000143,2024-08-28
ACC_007965,2024-09-03
ACC_001584,2024-09-09
ACC_000455,2024-09-01
ACC_003130,2024-08-25
ACC_003901,2024-08-16
ACC_000455,2024-08-24
ACC_001303,2024-09-13
ACC_006590,2024-09-22
ACC_000606,2024-08-29
ACC_003450,2024-09-18
ACC_006821,2024-08-28
ACC_003800,2024-09-22
ACC_003286,2024-09-10
ACC_004294,2024-09-09
ACC_004707,2024-09-14
ACC_007942,2024-08-19
ACC_003251,2024-08-23
ACC_001506,2024-08-23
ACC_005681,2024-08-17
ACC_006692,2024-08-12
ACC_004512,2024-08-09
ACC_007447,2024-08-09
ACC_008869,2024-08-28
ACC_005169,2024-08-22
ACC_007395,2024-08-12
ACC_007221,2024-08-25
ACC_008625,2024-09-01
ACC_004156,2024-08-25
ACC_005182,2024-08-24
ACC_004467,2024-09-08
ACC_000003,2024-09-18
ACC_005636,2024-09-22
ACC_005182,2024-09-02
ACC_006061,2024-09-11
ACC_000356,2024-09-14
ACC_003621,2024-08-26
ACC_007130,2024-08-28
ACC_000201,2024-08-28
ACC_002514,2024-08-22
ACC_006030,2024-08-08
ACC_004275,2024-08-31
ACC_004376,2024-09-04
ACC_004829,2024-09-25
ACC_000783,2024-09-20
ACC_007088,2024-09-05
ACC_005919,2024-10-02
ACC_000815,2024-10-01
ACC_006435,2024-09-27
ACC_004024,2024-10-16
ACC_003708,2024-09-22
ACC_000670,2024-10-05
ACC_007394,2024-09-25
ACC_003955,2024-10-14
ACC_001062,2024-10-29
ACC_007175,2024-10-05
ACC_002876,2024-09-24
ACC_007466,2024-10-01
ACC_009617,2024-09-29
ACC_005148,2024-10-04
ACC_001815,2024-10-19
ACC_008624,2024-09-29
ACC_004496,2024-10-08
ACC_003708,2024-09-30
ACC_004395,2024-10-02
ACC_002624,2024-10-14
ACC_001760,2024-10-01
ACC_002740,2024-10-02
ACC_007404,2024-09-16
ACC_007131,2024-10-01
ACC_007089,2024-10-16
ACC_005627,2024-09-17
ACC_000025,2024-09-29
ACC_006573,2024-10-27
ACC_008842,2024-10-12
ACC_005892,2024-10-01
ACC_003458,2024-09-02
ACC_002790,2024-09-06
ACC_000112,2024-09-20
ACC_006335,2024-09-28
ACC_004834,2024-09-29
ACC_007394,2024-10-11
ACC_002606,2024-10-04
ACC_005919,2024-10-03
ACC_009019,2024-10-13
ACC_007436,2024-09-19
ACC_007928,2024-09-12
ACC_005815,2024-10-06
ACC_002790,2024-10-03
ACC_008831,2024-10-23
ACC_007132,2024-10-25
ACC_009402,2024-09-26
ACC_007107,2024-09-27
ACC_009406,2024-10-15
ACC_006691,2024-10-12
ACC_009486,2024-11-01
ACC_006032,2024-10-20
ACC_003035,2024-10-17
ACC_005867,2024-10-15
ACC_008276,2024-11-06
ACC_004033,2024-11-08
ACC_000442,2024-11-02
ACC_002323,2024-11-04
ACC_002301,2024-10-17
ACC_001088,2024-11-07
ACC_000442,2024-11-05
ACC_003932,2024-11-10
ACC_000958,2024-11-02
ACC_008626,2024-10-13
ACC_005867,2024-10-30
ACC_003689,2024-11-06
ACC_000988,2024-11-03
ACC_001088,2024-10-15
ACC_000854,2024-10-10
ACC_007167,2024-10-25
ACC_000512,2024-10-25
ACC_006212,2024-10-31
ACC_008718,2024-10-29
ACC_002325,2024-11-07
ACC_007974,2024-10-13
ACC_000948,2024-11-06
ACC_007087,2024-11-01
ACC_003709,2024-11-14
ACC_009155,2024-10-25
ACC_009651,2024-11-10
ACC_006817,2024-10-22
ACC_007817,2024-10-19
ACC_008237,2024-11-23
ACC_006016,2024-10-23
ACC_007943,2024-11-15
ACC_002067,2024-10-27
ACC_005601,2024-11-01
ACC_008688,2024-10-22
ACC_006016,2024-10-08
ACC_007077,2024-10-18
ACC_005601,2024-11-14
ACC_006113,2024-10-13
ACC_007077,2024-11-26
ACC_007935,2024-10-19
ACC_003860,2024-11-05
ACC_001643,2024-10-07
ACC_001148,2024-11-03
ACC_007618,2024-11-12
ACC_008593,2024-10-18
ACC_009176,2024-10-19
ACC_000407,2024-11-30
ACC_005370,2024-12-23
ACC_007773,2024-11-14
ACC_001049,2024-12-12
ACC_007166,2024-11-23
ACC_009408,2024-12-01
ACC_000002,2024-11-08
ACC_008715,2024-11-14
ACC_005537,2024-11-07
ACC_004138,2024-11-30
ACC_002405,2024-12-24
ACC_006112,2024-11-25
ACC_000174,2024-11-07
ACC_001730,2024-11-25
ACC_002551,2024-11-26
ACC_005536,2024-12-03
ACC_000407,2024-11-25
ACC_008275,2024-12-01
ACC_000863,2024-12-23
ACC_009324,2024-11-29
ACC_003690,2024-12-02
ACC_007101,2024-12-10
ACC_005051,2024-12-04
ACC_005206,2024-12-25
ACC_008275,2024-11-30
ACC_004138,2024-12-04
ACC_008275,2024-11-30
ACC_008749,2024-11-28
ACC_004034,2024-12-27
ACC_007773,2024-11-21
ACC_000174,2024-12-23
ACC_003945,2024-11-11
ACC_002871,2024-11-30
ACC_008008,2024-11-21
ACC_005051,2024-11-19
ACC_000171,2024-11-22
ACC_002422,2024-12-14
ACC_009581,2024-11-26
ACC_000511,2024-12-05
ACC_006558,2024-12-16
ACC_008275,2024-11-30
ACC_001089,2024-12-04
ACC_005818,2024-11-28
ACC_005371,2024-11-28
ACC_007124,2024-12-01
ACC_000144,2024-12-25
ACC_002422,2024-11-13
ACC_003039,2024-12-08
ACC_001049,2024-12-04
ACC_001133,2024-12-11
ACC_001731,2024-12-30
ACC_005626,2024-12-19
ACC_003753,2024-12-31
ACC_007125,2024-12-31
ACC_009873,2024-12-23
ACC_006667,2024-12-31
ACC_003757,2024-12-25
ACC_009274,2024-12-31
ACC_006067,2024-12-20
ACC_007108,2024-12-31
ACC_009053,2024-12-31
ACC_007765,2024-12-07
ACC_007216,2024-12-31
ACC_008570,2024-12-31
ACC_004023,2024-12-27
ACC_006716,2024-12-31
ACC_009803,2024-12-31
ACC_008158,2024-12-31
ACC_008720,2024-12-15
ACC_006945,2024-12-20
ACC_006980,2024-12-31
ACC_007013,2024-12-16
ACC_004988,2024-12-31
ACC_003858,2024-12-31
ACC_007153,2024-12-31
ACC_002300,2024-12-31
ACC_001832,2024-12-31
ACC_004057,2024-12-19
ACC_006667,2024-12-20
ACC_007429,2024-12-31
ACC_009413,2024-12-31
ACC_002548,2024-12-12
ACC_001731,2024-12-07
ACC_009435,2024-12-19
ACC_007108,2024-12-31
ACC_007108,2024-12-27
ACC_005509,2024-12-31
ACC_001954,2024-12-31
ACC_000986,2024-12-31
ACC_000211,2024-12-16
ACC_001832,2024-12-15
ACC_005121,2024-12-31
ACC_007216,2024-12-24
ACC_006820,2024-12-14
ACC_003017,2024-12-17
ACC_008479,2024-12-22
ACC_004524,2024-12-24
ACC_008292,2024-12-31
ACC_001400,2024-12-31
ACC_003018,2024-12-27
