account_id,mule_risk_score,predicted_mule_flag,predicted_mule_typology,risk_band,model_confidence,top_drivers,supporting_signals,investigator_explanation
ACC00006351,1.0,1,layering_mule,High Risk,1.0,"txn count 30d, typology available flag",txn count 30d | typology available flag | rapid outflow count 30d,"Why this account is risky: txn count 30d, typology available flag, rapid outflow count 30d."
ACC00000415,1.0,1,layering_mule,High Risk,1.0,"txn count 30d, typology available flag",txn count 30d | typology available flag | rapid outflow count 30d,"Why this account is risky: txn count 30d, typology available flag, rapid outflow count 30d."
ACC00005480,1.0,1,layering_mule,High Risk,1.0,"txn count 30d, typology available flag",txn count 30d | typology available flag | rapid outflow count 30d,"Why this account is risky: txn count 30d, typology available flag, rapid outflow count 30d."
ACC00002992,1.0,1,layering_mule,High Risk,1.0,"txn count 30d, typology available flag",txn count 30d | typology available flag | rapid outflow count 30d,"Why this account is risky: txn count 30d, typology available flag, rapid outflow count 30d."
ACC00007814,1.0,1,layering_mule,High Risk,1.0,"txn count 30d, typology available flag",txn count 30d | typology available flag | rapid outflow count 30d,"Why this account is risky: txn count 30d, typology available flag, rapid outflow count 30d."
ACC00009584,1.0,1,layering_mule,High Risk,1.0,"txn count 30d, typology available flag",txn count 30d | typology available flag | rapid outflow count 30d,"Why this account is risky: txn count 30d, typology available flag, rapid outflow count 30d."
ACC00005468,1.0,1,layering_mule,High Risk,1.0,"txn count 30d, typology available flag",txn count 30d | typology available flag | rapid outflow count 30d,"Why this account is risky: txn count 30d, typology available flag, rapid outflow count 30d."
ACC00007812,1.0,1,layering_mule,High Risk,1.0,"txn count 30d, typology available flag",txn count 30d | typology available flag | rapid outflow count 30d,"Why this account is risky: txn count 30d, typology available flag, rapid outflow count 30d."
ACC00005462,1.0,1,layering_mule,High Risk,1.0,"txn count 30d, typology available flag",txn count 30d | typology available flag | rapid outflow count 30d,"Why this account is risky: txn count 30d, typology available flag, rapid outflow count 30d."
ACC00003521,1.0,1,layering_mule,High Risk,1.0,"txn count 30d, typology available flag",txn count 30d | typology available flag | rapid outflow count 30d,"Why this account is risky: txn count 30d, typology available flag, rapid outflow count 30d."
ACC00000423,1.0,1,layering_mule,High Risk,1.0,"txn count 30d, typology available flag",txn count 30d | typology available flag | rapid outflow count 30d,"Why this account is risky: txn count 30d, typology available flag, rapid outflow count 30d."
ACC00006066,1.0,1,layering_mule,High Risk,1.0,"txn count 30d, typology available flag",txn count 30d | typology available flag | rapid outflow count 30d,"Why this account is risky: txn count 30d, typology available flag, rapid outflow count 30d."
ACC00004066,1.0,1,layering_mule,High Risk,1.0,"txn count 30d, typology available flag",txn count 30d | typology available flag | rapid outflow count 30d,"Why this account is risky: txn count 30d, typology available flag, rapid outflow count 30d."
ACC00009598,1.0,1,layering_mule,High Risk,1.0,"txn count 30d, typology available flag",txn count 30d | typology available flag | rapid outflow count 30d,"Why this account is risky: txn count 30d, typology available flag, rapid outflow count 30d."
ACC00008935,1.0,1,layering_mule,High Risk,1.0,"txn count 30d, typology available flag",txn count 30d | typology available flag | rapid outflow count 30d,"Why this account is risky: txn count 30d, typology available flag, rapid outflow count 30d."
ACC00006606,1.0,1,layering_mule,High Risk,1.0,"txn count 30d, typology available flag",txn count 30d | typology available flag | rapid outflow count 30d,"Why this account is risky: txn count 30d, typology available flag, rapid outflow count 30d."
ACC00002277,1.0,1,layering_mule,High Risk,1.0,"txn count 30d, typology available flag",txn count 30d | typology available flag | rapid outflow count 30d,"Why this account is risky: txn count 30d, typology available flag, rapid outflow count 30d."
ACC00004061,1.0,1,layering_mule,High Risk,1.0,"txn count 30d, typology available flag",txn count 30d | typology available flag | rapid outflow count 30d,"Why this account is risky: txn count 30d, typology available flag, rapid outflow count 30d."
ACC00008929,1.0,1,layering_mule,High Risk,1.0,"txn count 30d, typology available flag",txn count 30d | typology available flag | rapid outflow count 30d,"Why this account is risky: txn count 30d, typology available flag, rapid outflow count 30d."
ACC00004706,1.0,1,layering_mule,High Risk,1.0,"txn count 30d, typology available flag",txn count 30d | typology available flag | rapid outflow count 30d,"Why this account is risky: txn count 30d, typology available flag, rapid outflow count 30d."
ACC00001674,1.0,1,layering_mule,High Risk,1.0,"txn count 30d, typology available flag",txn count 30d | typology available flag | rapid outflow count 30d,"Why this account is risky: txn count 30d, typology available flag, rapid outflow count 30d."
ACC00008128,1.0,1,layering_mule,High Risk,1.0,"txn count 30d, typology available flag",txn count 30d | typology available flag | rapid outflow count 30d,"Why this account is risky: txn count 30d, typology available flag, rapid outflow count 30d."
ACC00000401,1.0,1,layering_mule,High Risk,1.0,"txn count 30d, typology available flag",txn count 30d | typology available flag | rapid outflow count 30d,"Why this account is risky: txn count 30d, typology available flag, rapid outflow count 30d."
ACC00002287,1.0,1,layering_mule,High Risk,1.0,"txn count 30d, typology available flag",txn count 30d | typology available flag | rapid outflow count 30d,"Why this account is risky: txn count 30d, typology available flag, rapid outflow count 30d."
ACC00008383,1.0,1,layering_mule,High Risk,1.0,"txn count 30d, typology available flag",txn count 30d | typology available flag | rapid outflow count 30d,"Why this account is risky: txn count 30d, typology available flag, rapid outflow count 30d."
ACC00001670,1.0,1,layering_mule,High Risk,1.0,"txn count 30d, typology available flag",txn count 30d | typology available flag | rapid outflow count 30d,"Why this account is risky: txn count 30d, typology available flag, rapid outflow count 30d."
ACC00004051,1.0,1,layering_mule,High Risk,1.0,"txn count 30d, typology available flag",txn count 30d | typology available flag | rapid outflow count 30d,"Why this account is risky: txn count 30d, typology available flag, rapid outflow count 30d."
ACC00002957,1.0,1,layering_mule,High Risk,1.0,"txn count 30d, typology available flag",txn count 30d | typology available flag | rapid outflow count 30d,"Why this account is risky: txn count 30d, typology available flag, rapid outflow count 30d."
ACC00004085,1.0,1,layering_mule,High Risk,1.0,"txn count 30d, typology available flag",txn count 30d | typology available flag | rapid outflow count 30d,"Why this account is risky: txn count 30d, typology available flag, rapid outflow count 30d."
ACC00007828,1.0,1,layering_mule,High Risk,1.0,"txn count 30d, typology available flag",txn count 30d | typology available flag | rapid outflow count 30d,"Why this account is risky: txn count 30d, typology available flag, rapid outflow count 30d."
ACC00005549,1.0,1,layering_mule,High Risk,1.0,"txn count 30d, typology available flag",txn count 30d | typology available flag | rapid outflow count 30d,"Why this account is risky: txn count 30d, typology available flag, rapid outflow count 30d."
ACC00007853,1.0,1,layering_mule,High Risk,1.0,"txn count 30d, typology available flag",txn count 30d | typology available flag | rapid outflow count 30d,"Why this account is risky: txn count 30d, typology available flag, rapid outflow count 30d."
ACC00007886,1.0,1,layering_mule,High Risk,1.0,"txn count 30d, typology available flag",txn count 30d | typology available flag | rapid outflow count 30d,"Why this account is risky: txn count 30d, typology available flag, rapid outflow count 30d."
ACC00009008,1.0,1,layering_mule,High Risk,1.0,"txn count 30d, typology available flag",txn count 30d | typology available flag | rapid outflow count 30d,"Why this account is risky: txn count 30d, typology available flag, rapid outflow count 30d."
ACC00002188,1.0,1,layering_mule,High Risk,1.0,"txn count 30d, typology available flag",txn count 30d | typology available flag | rapid outflow count 30d,"Why this account is risky: txn count 30d, typology available flag, rapid outflow count 30d."
ACC00005543,1.0,1,layering_mule,High Risk,1.0,"txn count 30d, typology available flag",txn count 30d | typology available flag | rapid outflow count 30d,"Why this account is risky: txn count 30d, typology available flag, rapid outflow count 30d."
ACC00001025,1.0,1,layering_mule,High Risk,1.0,"txn count 30d, typology available flag",txn count 30d | typology available flag | rapid outflow count 30d,"Why this account is risky: txn count 30d, typology available flag, rapid outflow count 30d."
ACC00000513,1.0,1,layering_mule,High Risk,1.0,"txn count 30d, typology available flag",txn count 30d | typology available flag | rapid outflow count 30d,"Why this account is risky: txn count 30d, typology available flag, rapid outflow count 30d."
ACC00006005,1.0,1,layering_mule,High Risk,1.0,"txn count 30d, typology available flag",txn count 30d | typology available flag | rapid outflow count 30d,"Why this account is risky: txn count 30d, typology available flag, rapid outflow count 30d."
ACC00006635,1.0,1,layering_mule,High Risk,1.0,"txn count 30d, typology available flag",txn count 30d | typology available flag | rapid outflow count 30d,"Why this account is risky: txn count 30d, typology available flag, rapid outflow count 30d."
ACC00002210,1.0,1,layering_mule,High Risk,1.0,"txn count 30d, typology available flag",txn count 30d | typology available flag | rapid outflow count 30d,"Why this account is risky: txn count 30d, typology available flag, rapid outflow count 30d."
ACC00000492,1.0,1,layering_mule,High Risk,1.0,"txn count 30d, typology available flag",txn count 30d | typology available flag | rapid outflow count 30d,"Why this account is risky: txn count 30d, typology available flag, rapid outflow count 30d."
ACC00009527,1.0,1,layering_mule,High Risk,1.0,"txn count 30d, typology available flag",txn count 30d | typology available flag | rapid outflow count 30d,"Why this account is risky: txn count 30d, typology available flag, rapid outflow count 30d."
ACC00007071,1.0,1,layering_mule,High Risk,1.0,"txn count 30d, typology available flag",txn count 30d | typology available flag | rapid outflow count 30d,"Why this account is risky: txn count 30d, typology available flag, rapid outflow count 30d."
ACC00002221,1.0,1,layering_mule,High Risk,1.0,"txn count 30d, typology available flag",txn count 30d | typology available flag | rapid outflow count 30d,"Why this account is risky: txn count 30d, typology available flag, rapid outflow count 30d."
ACC00000453,1.0,1,layering_mule,High Risk,1.0,"txn count 30d, typology available flag",txn count 30d | typology available flag | rapid outflow count 30d,"Why this account is risky: txn count 30d, typology available flag, rapid outflow count 30d."
ACC00009540,1.0,1,layering_mule,High Risk,1.0,"txn count 30d, typology available flag",txn count 30d | typology available flag | rapid outflow count 30d,"Why this account is risky: txn count 30d, typology available flag, rapid outflow count 30d."
ACC00009541,1.0,1,layering_mule,High Risk,1.0,"txn count 30d, typology available flag",txn count 30d | typology available flag | rapid outflow count 30d,"Why this account is risky: txn count 30d, typology available flag, rapid outflow count 30d."
ACC00009542,1.0,1,layering_mule,High Risk,1.0,"txn count 30d, typology available flag",txn count 30d | typology available flag | rapid outflow count 30d,"Why this account is risky: txn count 30d, typology available flag, rapid outflow count 30d."
ACC00003021,1.0,1,layering_mule,High Risk,1.0,"txn count 30d, typology available flag",txn count 30d | typology available flag | rapid outflow count 30d,"Why this account is risky: txn count 30d, typology available flag, rapid outflow count 30d."
ACC00007847,1.0,1,layering_mule,High Risk,1.0,"txn count 30d, typology available flag",txn count 30d | typology available flag | rapid outflow count 30d,"Why this account is risky: txn count 30d, typology available flag, rapid outflow count 30d."
ACC00003016,1.0,1,layering_mule,High Risk,1.0,"txn count 30d, typology available flag",txn count 30d | typology available flag | rapid outflow count 30d,"Why this account is risky: txn count 30d, typology available flag, rapid outflow count 30d."
ACC00001714,1.0,1,layering_mule,High Risk,1.0,"txn count 30d, typology available flag",txn count 30d | typology available flag | rapid outflow count 30d,"Why this account is risky: txn count 30d, typology available flag, rapid outflow count 30d."
ACC00007088,1.0,1,layering_mule,High Risk,1.0,"txn count 30d, typology available flag",txn count 30d | typology available flag | rapid outflow count 30d,"Why this account is risky: txn count 30d, typology available flag, rapid outflow count 30d."
ACC00009556,1.0,1,layering_mule,High Risk,1.0,"txn count 30d, typology available flag",txn count 30d | typology available flag | rapid outflow count 30d,"Why this account is risky: txn count 30d, typology available flag, rapid outflow count 30d."
ACC00007835,1.0,1,layering_mule,High Risk,1.0,"txn count 30d, typology available flag",txn count 30d | typology available flag | rapid outflow count 30d,"Why this account is risky: txn count 30d, typology available flag, rapid outflow count 30d."
ACC00001704,1.0,1,layering_mule,High Risk,1.0,"txn count 30d, typology available flag",txn count 30d | typology available flag | rapid outflow count 30d,"Why this account is risky: txn count 30d, typology available flag, rapid outflow count 30d."
ACC00004091,1.0,1,layering_mule,High Risk,1.0,"txn count 30d, typology available flag",txn count 30d | typology available flag | rapid outflow count 30d,"Why this account is risky: txn count 30d, typology available flag, rapid outflow count 30d."
ACC00004045,1.0,1,layering_mule,High Risk,1.0,"txn count 30d, typology available flag",txn count 30d | typology available flag | rapid outflow count 30d,"Why this account is risky: txn count 30d, typology available flag, rapid outflow count 30d."
ACC00006574,1.0,1,layering_mule,High Risk,1.0,"txn count 30d, typology available flag",txn count 30d | typology available flag | rapid outflow count 30d,"Why this account is risky: txn count 30d, typology available flag, rapid outflow count 30d."
ACC00004035,1.0,1,layering_mule,High Risk,1.0,"txn count 30d, typology available flag",txn count 30d | typology available flag | rapid outflow count 30d,"Why this account is risky: txn count 30d, typology available flag, rapid outflow count 30d."
ACC00002850,1.0,1,layering_mule,High Risk,1.0,"txn count 30d, typology available flag",txn count 30d | typology available flag | rapid outflow count 30d,"Why this account is risky: txn count 30d, typology available flag, rapid outflow count 30d."
ACC00004798,1.0,1,layering_mule,High Risk,1.0,"txn count 30d, typology available flag",txn count 30d | typology available flag | rapid outflow count 30d,"Why this account is risky: txn count 30d, typology available flag, rapid outflow count 30d."
ACC00009704,1.0,1,layering_mule,High Risk,1.0,"txn count 30d, typology available flag",txn count 30d | typology available flag | rapid outflow count 30d,"Why this account is risky: txn count 30d, typology available flag, rapid outflow count 30d."
ACC00006524,1.0,1,layering_mule,High Risk,1.0,"txn count 30d, typology available flag",txn count 30d | typology available flag | rapid outflow count 30d,"Why this account is risky: txn count 30d, typology available flag, rapid outflow count 30d."
ACC00004802,1.0,1,layering_mule,High Risk,1.0,"txn count 30d, typology available flag",txn count 30d | typology available flag | rapid outflow count 30d,"Why this account is risky: txn count 30d, typology available flag, rapid outflow count 30d."
ACC00005353,1.0,1,layering_mule,High Risk,1.0,"txn count 30d, typology available flag",txn count 30d | typology available flag | rapid outflow count 30d,"Why this account is risky: txn count 30d, typology available flag, rapid outflow count 30d."
ACC00009713,1.0,1,layering_mule,High Risk,1.0,"txn count 30d, typology available flag",txn count 30d | typology available flag | rapid outflow count 30d,"Why this account is risky: txn count 30d, typology available flag, rapid outflow count 30d."
ACC00001202,1.0,1,layering_mule,High Risk,1.0,"txn count 30d, typology available flag",txn count 30d | typology available flag | rapid outflow count 30d,"Why this account is risky: txn count 30d, typology available flag, rapid outflow count 30d."
ACC00007233,1.0,1,layering_mule,High Risk,1.0,"txn count 30d, typology available flag",txn count 30d | typology available flag | rapid outflow count 30d,"Why this account is risky: txn count 30d, typology available flag, rapid outflow count 30d."
ACC00001584,1.0,1,layering_mule,High Risk,1.0,"txn count 30d, typology available flag",txn count 30d | typology available flag | rapid outflow count 30d,"Why this account is risky: txn count 30d, typology available flag, rapid outflow count 30d."
ACC00002394,1.0,1,layering_mule,High Risk,1.0,"txn count 30d, typology available flag",txn count 30d | typology available flag | rapid outflow count 30d,"Why this account is risky: txn count 30d, typology available flag, rapid outflow count 30d."
ACC00005326,1.0,1,layering_mule,High Risk,1.0,"txn count 30d, typology available flag",txn count 30d | typology available flag | rapid outflow count 30d,"Why this account is risky: txn count 30d, typology available flag, rapid outflow count 30d."
ACC00008824,1.0,1,layering_mule,High Risk,1.0,"txn count 30d, typology available flag",txn count 30d | typology available flag | rapid outflow count 30d,"Why this account is risky: txn count 30d, typology available flag, rapid outflow count 30d."
ACC00003623,1.0,1,layering_mule,High Risk,1.0,"txn count 30d, typology available flag",txn count 30d | typology available flag | rapid outflow count 30d,"Why this account is risky: txn count 30d, typology available flag, rapid outflow count 30d."
ACC00000377,1.0,1,layering_mule,High Risk,1.0,"txn count 30d, typology available flag",txn count 30d | typology available flag | rapid outflow count 30d,"Why this account is risky: txn count 30d, typology available flag, rapid outflow count 30d."
ACC00006180,1.0,1,layering_mule,High Risk,1.0,"txn count 30d, typology available flag",txn count 30d | typology available flag | rapid outflow count 30d,"Why this account is risky: txn count 30d, typology available flag, rapid outflow count 30d."
ACC00006182,1.0,1,layering_mule,High Risk,1.0,"txn count 30d, typology available flag",txn count 30d | typology available flag | rapid outflow count 30d,"Why this account is risky: txn count 30d, typology available flag, rapid outflow count 30d."
ACC00003627,1.0,1,layering_mule,High Risk,1.0,"txn count 30d, typology available flag",txn count 30d | typology available flag | rapid outflow count 30d,"Why this account is risky: txn count 30d, typology available flag, rapid outflow count 30d."
ACC00002413,1.0,1,layering_mule,High Risk,1.0,"txn count 30d, typology available flag",txn count 30d | typology available flag | rapid outflow count 30d,"Why this account is risky: txn count 30d, typology available flag, rapid outflow count 30d."
ACC00001225,1.0,1,layering_mule,High Risk,1.0,"txn count 30d, typology available flag",txn count 30d | typology available flag | rapid outflow count 30d,"Why this account is risky: txn count 30d, typology available flag, rapid outflow count 30d."
ACC00005307,1.0,1,layering_mule,High Risk,1.0,"txn count 30d, typology available flag",txn count 30d | typology available flag | rapid outflow count 30d,"Why this account is risky: txn count 30d, typology available flag, rapid outflow count 30d."
ACC00003942,1.0,1,layering_mule,High Risk,1.0,"txn count 30d, typology available flag",txn count 30d | typology available flag | rapid outflow count 30d,"Why this account is risky: txn count 30d, typology available flag, rapid outflow count 30d."
ACC00001228,1.0,1,layering_mule,High Risk,1.0,"txn count 30d, typology available flag",txn count 30d | typology available flag | rapid outflow count 30d,"Why this account is risky: txn count 30d, typology available flag, rapid outflow count 30d."
ACC00002836,1.0,1,layering_mule,High Risk,1.0,"txn count 30d, typology available flag",txn count 30d | typology available flag | rapid outflow count 30d,"Why this account is risky: txn count 30d, typology available flag, rapid outflow count 30d."
ACC00005302,1.0,1,layering_mule,High Risk,1.0,"txn count 30d, typology available flag",txn count 30d | typology available flag | rapid outflow count 30d,"Why this account is risky: txn count 30d, typology available flag, rapid outflow count 30d."
ACC00008486,1.0,1,layering_mule,High Risk,1.0,"txn count 30d, typology available flag",txn count 30d | typology available flag | rapid outflow count 30d,"Why this account is risky: txn count 30d, typology available flag, rapid outflow count 30d."
ACC00002831,1.0,1,layering_mule,High Risk,1.0,"txn count 30d, typology available flag",txn count 30d | typology available flag | rapid outflow count 30d,"Why this account is risky: txn count 30d, typology available flag, rapid outflow count 30d."
ACC00008445,1.0,1,layering_mule,High Risk,1.0,"txn count 30d, typology available flag",txn count 30d | typology available flag | rapid outflow count 30d,"Why this account is risky: txn count 30d, typology available flag, rapid outflow count 30d."
ACC00005362,1.0,1,layering_mule,High Risk,1.0,"txn count 30d, typology available flag",txn count 30d | typology available flag | rapid outflow count 30d,"Why this account is risky: txn count 30d, typology available flag, rapid outflow count 30d."
ACC00007205,1.0,1,layering_mule,High Risk,1.0,"txn count 30d, typology available flag",txn count 30d | typology available flag | rapid outflow count 30d,"Why this account is risky: txn count 30d, typology available flag, rapid outflow count 30d."
ACC00004788,1.0,1,layering_mule,High Risk,1.0,"txn count 30d, typology available flag",txn count 30d | typology available flag | rapid outflow count 30d,"Why this account is risky: txn count 30d, typology available flag, rapid outflow count 30d."
ACC00007766,1.0,1,layering_mule,High Risk,1.0,"txn count 30d, typology available flag",txn count 30d | typology available flag | rapid outflow count 30d,"Why this account is risky: txn count 30d, typology available flag, rapid outflow count 30d."
ACC00007160,1.0,1,layering_mule,High Risk,1.0,"txn count 30d, typology available flag",txn count 30d | typology available flag | rapid outflow count 30d,"Why this account is risky: txn count 30d, typology available flag, rapid outflow count 30d."
ACC00007761,1.0,1,layering_mule,High Risk,1.0,"txn count 30d, typology available flag",txn count 30d | typology available flag | rapid outflow count 30d,"Why this account is risky: txn count 30d, typology available flag, rapid outflow count 30d."
ACC00007162,1.0,1,layering_mule,High Risk,1.0,"txn count 30d, typology available flag",txn count 30d | typology available flag | rapid outflow count 30d,"Why this account is risky: txn count 30d, typology available flag, rapid outflow count 30d."
ACC00009648,1.0,1,layering_mule,High Risk,1.0,"txn count 30d, typology available flag",txn count 30d | typology available flag | rapid outflow count 30d,"Why this account is risky: txn count 30d, typology available flag, rapid outflow count 30d."
ACC00001646,1.0,1,layering_mule,High Risk,1.0,"txn count 30d, typology available flag",txn count 30d | typology available flag | rapid outflow count 30d,"Why this account is risky: txn count 30d, typology available flag, rapid outflow count 30d."
ACC00004746,1.0,1,layering_mule,High Risk,1.0,"txn count 30d, typology available flag",txn count 30d | typology available flag | rapid outflow count 30d,"Why this account is risky: txn count 30d, typology available flag, rapid outflow count 30d."
ACC00003560,1.0,1,layering_mule,High Risk,1.0,"txn count 30d, typology available flag",txn count 30d | typology available flag | rapid outflow count 30d,"Why this account is risky: txn count 30d, typology available flag, rapid outflow count 30d."
ACC00005399,1.0,1,layering_mule,High Risk,1.0,"txn count 30d, typology available flag",txn count 30d | typology available flag | rapid outflow count 30d,"Why this account is risky: txn count 30d, typology available flag, rapid outflow count 30d."
ACC00003565,1.0,1,layering_mule,High Risk,1.0,"txn count 30d, typology available flag",txn count 30d | typology available flag | rapid outflow count 30d,"Why this account is risky: txn count 30d, typology available flag, rapid outflow count 30d."
ACC00008419,1.0,1,layering_mule,High Risk,1.0,"txn count 30d, typology available flag",txn count 30d | typology available flag | rapid outflow count 30d,"Why this account is risky: txn count 30d, typology available flag, rapid outflow count 30d."
ACC00001151,1.0,1,layering_mule,High Risk,1.0,"txn count 30d, typology available flag",txn count 30d | typology available flag | rapid outflow count 30d,"Why this account is risky: txn count 30d, typology available flag, rapid outflow count 30d."
ACC00002914,1.0,1,layering_mule,High Risk,1.0,"txn count 30d, typology available flag",txn count 30d | typology available flag | rapid outflow count 30d,"Why this account is risky: txn count 30d, typology available flag, rapid outflow count 30d."
ACC00008423,1.0,1,layering_mule,High Risk,1.0,"txn count 30d, typology available flag",txn count 30d | typology available flag | rapid outflow count 30d,"Why this account is risky: txn count 30d, typology available flag, rapid outflow count 30d."
ACC00006123,1.0,1,layering_mule,High Risk,1.0,"txn count 30d, typology available flag",txn count 30d | typology available flag | rapid outflow count 30d,"Why this account is risky: txn count 30d, typology available flag, rapid outflow count 30d."
ACC00001159,1.0,1,layering_mule,High Risk,1.0,"txn count 30d, typology available flag",txn count 30d | typology available flag | rapid outflow count 30d,"Why this account is risky: txn count 30d, typology available flag, rapid outflow count 30d."
ACC00001626,1.0,1,layering_mule,High Risk,1.0,"txn count 30d, typology available flag",txn count 30d | typology available flag | rapid outflow count 30d,"Why this account is risky: txn count 30d, typology available flag, rapid outflow count 30d."
ACC00004773,1.0,1,layering_mule,High Risk,1.0,"txn count 30d, typology available flag",txn count 30d | typology available flag | rapid outflow count 30d,"Why this account is risky: txn count 30d, typology available flag, rapid outflow count 30d."
ACC00003575,1.0,1,layering_mule,High Risk,1.0,"txn count 30d, typology available flag",txn count 30d | typology available flag | rapid outflow count 30d,"Why this account is risky: txn count 30d, typology available flag, rapid outflow count 30d."
ACC00009680,1.0,1,layering_mule,High Risk,1.0,"txn count 30d, typology available flag",txn count 30d | typology available flag | rapid outflow count 30d,"Why this account is risky: txn count 30d, typology available flag, rapid outflow count 30d."
ACC00003576,1.0,1,layering_mule,High Risk,1.0,"txn count 30d, typology available flag",txn count 30d | typology available flag | rapid outflow count 30d,"Why this account is risky: txn count 30d, typology available flag, rapid outflow count 30d."
ACC00000328,1.0,1,layering_mule,High Risk,1.0,"txn count 30d, typology available flag",txn count 30d | typology available flag | rapid outflow count 30d,"Why this account is risky: txn count 30d, typology available flag, rapid outflow count 30d."
ACC00000326,1.0,1,layering_mule,High Risk,1.0,"txn count 30d, typology available flag",txn count 30d | typology available flag | rapid outflow count 30d,"Why this account is risky: txn count 30d, typology available flag, rapid outflow count 30d."
ACC00001613,1.0,1,layering_mule,High Risk,1.0,"txn count 30d, typology available flag",txn count 30d | typology available flag | rapid outflow count 30d,"Why this account is risky: txn count 30d, typology available flag, rapid outflow count 30d."
ACC00004787,1.0,1,layering_mule,High Risk,1.0,"txn count 30d, typology available flag",txn count 30d | typology available flag | rapid outflow count 30d,"Why this account is risky: txn count 30d, typology available flag, rapid outflow count 30d."
ACC00004137,1.0,1,layering_mule,High Risk,1.0,"txn count 30d, typology available flag",txn count 30d | typology available flag | rapid outflow count 30d,"Why this account is risky: txn count 30d, typology available flag, rapid outflow count 30d."
ACC00002183,1.0,1,layering_mule,High Risk,1.0,"txn count 30d, typology available flag",txn count 30d | typology available flag | rapid outflow count 30d,"Why this account is risky: txn count 30d, typology available flag, rapid outflow count 30d."
ACC00004862,1.0,1,layering_mule,High Risk,1.0,"txn count 30d, typology available flag",txn count 30d | typology available flag | rapid outflow count 30d,"Why this account is risky: txn count 30d, typology available flag, rapid outflow count 30d."
ACC00006352,1.0,1,layering_mule,High Risk,1.0,"txn count 30d, typology available flag",txn count 30d | typology available flag | rapid outflow count 30d,"Why this account is risky: txn count 30d, typology available flag, rapid outflow count 30d."
ACC00006784,1.0,1,layering_mule,High Risk,1.0,"txn count 30d, typology available flag",txn count 30d | typology available flag | rapid outflow count 30d,"Why this account is risky: txn count 30d, typology available flag, rapid outflow count 30d."
ACC00009168,1.0,1,layering_mule,High Risk,1.0,"txn count 30d, typology available flag",txn count 30d | typology available flag | rapid outflow count 30d,"Why this account is risky: txn count 30d, typology available flag, rapid outflow count 30d."
ACC00005859,1.0,1,layering_mule,High Risk,1.0,"txn count 30d, typology available flag",txn count 30d | typology available flag | rapid outflow count 30d,"Why this account is risky: txn count 30d, typology available flag, rapid outflow count 30d."
ACC00009163,1.0,1,layering_mule,High Risk,1.0,"txn count 30d, typology available flag",txn count 30d | typology available flag | rapid outflow count 30d,"Why this account is risky: txn count 30d, typology available flag, rapid outflow count 30d."
ACC00008180,1.0,1,layering_mule,High Risk,1.0,"txn count 30d, typology available flag",txn count 30d | typology available flag | rapid outflow count 30d,"Why this account is risky: txn count 30d, typology available flag, rapid outflow count 30d."
ACC00000722,1.0,1,layering_mule,High Risk,1.0,"txn count 30d, typology available flag",txn count 30d | typology available flag | rapid outflow count 30d,"Why this account is risky: txn count 30d, typology available flag, rapid outflow count 30d."
ACC00000872,1.0,1,layering_mule,High Risk,1.0,"txn count 30d, typology available flag",txn count 30d | typology available flag | rapid outflow count 30d,"Why this account is risky: txn count 30d, typology available flag, rapid outflow count 30d."
ACC00008052,1.0,1,layering_mule,High Risk,1.0,"txn count 30d, typology available flag",txn count 30d | typology available flag | rapid outflow count 30d,"Why this account is risky: txn count 30d, typology available flag, rapid outflow count 30d."
ACC00002015,1.0,1,layering_mule,High Risk,1.0,"txn count 30d, typology available flag",txn count 30d | typology available flag | rapid outflow count 30d,"Why this account is risky: txn count 30d, typology available flag, rapid outflow count 30d."
ACC00005725,1.0,1,layering_mule,High Risk,1.0,"txn count 30d, typology available flag",txn count 30d | typology available flag | rapid outflow count 30d,"Why this account is risky: txn count 30d, typology available flag, rapid outflow count 30d."
ACC00002017,1.0,1,layering_mule,High Risk,1.0,"txn count 30d, typology available flag",txn count 30d | typology available flag | rapid outflow count 30d,"Why this account is risky: txn count 30d, typology available flag, rapid outflow count 30d."
ACC00004424,1.0,1,layering_mule,High Risk,1.0,"txn count 30d, typology available flag",txn count 30d | typology available flag | rapid outflow count 30d,"Why this account is risky: txn count 30d, typology available flag, rapid outflow count 30d."
ACC00009145,1.0,1,layering_mule,High Risk,1.0,"txn count 30d, typology available flag",txn count 30d | typology available flag | rapid outflow count 30d,"Why this account is risky: txn count 30d, typology available flag, rapid outflow count 30d."
ACC00009283,1.0,1,layering_mule,High Risk,1.0,"txn count 30d, typology available flag",txn count 30d | typology available flag | rapid outflow count 30d,"Why this account is risky: txn count 30d, typology available flag, rapid outflow count 30d."
ACC00009321,1.0,1,layering_mule,High Risk,1.0,"txn count 30d, typology available flag",txn count 30d | typology available flag | rapid outflow count 30d,"Why this account is risky: txn count 30d, typology available flag, rapid outflow count 30d."
ACC00009144,1.0,1,layering_mule,High Risk,1.0,"txn count 30d, typology available flag",txn count 30d | typology available flag | rapid outflow count 30d,"Why this account is risky: txn count 30d, typology available flag, rapid outflow count 30d."
ACC00005712,1.0,1,layering_mule,High Risk,1.0,"txn count 30d, typology available flag",txn count 30d | typology available flag | rapid outflow count 30d,"Why this account is risky: txn count 30d, typology available flag, rapid outflow count 30d."
ACC00009327,1.0,1,layering_mule,High Risk,1.0,"txn count 30d, typology available flag",txn count 30d | typology available flag | rapid outflow count 30d,"Why this account is risky: txn count 30d, typology available flag, rapid outflow count 30d."
ACC00009328,1.0,1,layering_mule,High Risk,1.0,"txn count 30d, typology available flag",txn count 30d | typology available flag | rapid outflow count 30d,"Why this account is risky: txn count 30d, typology available flag, rapid outflow count 30d."
ACC00000889,1.0,1,layering_mule,High Risk,1.0,"txn count 30d, typology available flag",txn count 30d | typology available flag | rapid outflow count 30d,"Why this account is risky: txn count 30d, typology available flag, rapid outflow count 30d."
ACC00004256,1.0,1,layering_mule,High Risk,1.0,"txn count 30d, typology available flag",txn count 30d | typology available flag | rapid outflow count 30d,"Why this account is risky: txn count 30d, typology available flag, rapid outflow count 30d."
ACC00003191,1.0,1,layering_mule,High Risk,1.0,"txn count 30d, typology available flag",txn count 30d | typology available flag | rapid outflow count 30d,"Why this account is risky: txn count 30d, typology available flag, rapid outflow count 30d."
ACC00006916,1.0,1,layering_mule,High Risk,1.0,"txn count 30d, typology available flag",txn count 30d | typology available flag | rapid outflow count 30d,"Why this account is risky: txn count 30d, typology available flag, rapid outflow count 30d."
ACC00004444,1.0,1,layering_mule,High Risk,1.0,"txn count 30d, typology available flag",txn count 30d | typology available flag | rapid outflow count 30d,"Why this account is risky: txn count 30d, typology available flag, rapid outflow count 30d."
ACC00006752,1.0,1,layering_mule,High Risk,1.0,"txn count 30d, typology available flag",txn count 30d | typology available flag | rapid outflow count 30d,"Why this account is risky: txn count 30d, typology available flag, rapid outflow count 30d."
ACC00008206,1.0,1,layering_mule,High Risk,1.0,"txn count 30d, typology available flag",txn count 30d | typology available flag | rapid outflow count 30d,"Why this account is risky: txn count 30d, typology available flag, rapid outflow count 30d."
ACC00001992,1.0,1,layering_mule,High Risk,1.0,"txn count 30d, typology available flag",txn count 30d | typology available flag | rapid outflow count 30d,"Why this account is risky: txn count 30d, typology available flag, rapid outflow count 30d."
ACC00005752,1.0,1,layering_mule,High Risk,1.0,"txn count 30d, typology available flag",txn count 30d | typology available flag | rapid outflow count 30d,"Why this account is risky: txn count 30d, typology available flag, rapid outflow count 30d."
ACC00001748,1.0,1,layering_mule,High Risk,1.0,"txn count 30d, typology available flag",txn count 30d | typology available flag | rapid outflow count 30d,"Why this account is risky: txn count 30d, typology available flag, rapid outflow count 30d."
ACC00004362,1.0,1,layering_mule,High Risk,1.0,"txn count 30d, typology available flag",txn count 30d | typology available flag | rapid outflow count 30d,"Why this account is risky: txn count 30d, typology available flag, rapid outflow count 30d."
ACC00000807,1.0,1,layering_mule,High Risk,1.0,"txn count 30d, typology available flag",txn count 30d | typology available flag | rapid outflow count 30d,"Why this account is risky: txn count 30d, typology available flag, rapid outflow count 30d."
ACC00004336,1.0,1,layering_mule,High Risk,1.0,"txn count 30d, typology available flag",txn count 30d | typology available flag | rapid outflow count 30d,"Why this account is risky: txn count 30d, typology available flag, rapid outflow count 30d."
ACC00000808,1.0,1,layering_mule,High Risk,1.0,"txn count 30d, typology available flag",txn count 30d | typology available flag | rapid outflow count 30d,"Why this account is risky: txn count 30d, typology available flag, rapid outflow count 30d."
ACC00006827,1.0,1,layering_mule,High Risk,1.0,"txn count 30d, typology available flag",txn count 30d | typology available flag | rapid outflow count 30d,"Why this account is risky: txn count 30d, typology available flag, rapid outflow count 30d."
ACC00008121,1.0,1,layering_mule,High Risk,1.0,"txn count 30d, typology available flag",txn count 30d | typology available flag | rapid outflow count 30d,"Why this account is risky: txn count 30d, typology available flag, rapid outflow count 30d."
ACC00000816,1.0,1,layering_mule,High Risk,1.0,"txn count 30d, typology available flag",txn count 30d | typology available flag | rapid outflow count 30d,"Why this account is risky: txn count 30d, typology available flag, rapid outflow count 30d."
ACC00006841,1.0,1,layering_mule,High Risk,1.0,"txn count 30d, typology available flag",txn count 30d | typology available flag | rapid outflow count 30d,"Why this account is risky: txn count 30d, typology available flag, rapid outflow count 30d."
ACC00009240,1.0,1,layering_mule,High Risk,1.0,"txn count 30d, typology available flag",txn count 30d | typology available flag | rapid outflow count 30d,"Why this account is risky: txn count 30d, typology available flag, rapid outflow count 30d."
ACC00008107,1.0,1,layering_mule,High Risk,1.0,"txn count 30d, typology available flag",txn count 30d | typology available flag | rapid outflow count 30d,"Why this account is risky: txn count 30d, typology available flag, rapid outflow count 30d."
ACC00008106,1.0,1,layering_mule,High Risk,1.0,"txn count 30d, typology available flag",txn count 30d | typology available flag | rapid outflow count 30d,"Why this account is risky: txn count 30d, typology available flag, rapid outflow count 30d."
ACC00003299,1.0,1,layering_mule,High Risk,1.0,"txn count 30d, typology available flag",txn count 30d | typology available flag | rapid outflow count 30d,"Why this account is risky: txn count 30d, typology available flag, rapid outflow count 30d."
ACC00008103,1.0,1,layering_mule,High Risk,1.0,"txn count 30d, typology available flag",txn count 30d | typology available flag | rapid outflow count 30d,"Why this account is risky: txn count 30d, typology available flag, rapid outflow count 30d."
ACC00009250,1.0,1,layering_mule,High Risk,1.0,"txn count 30d, typology available flag",txn count 30d | typology available flag | rapid outflow count 30d,"Why this account is risky: txn count 30d, typology available flag, rapid outflow count 30d."
ACC00001895,1.0,1,layering_mule,High Risk,1.0,"txn count 30d, typology available flag",txn count 30d | typology available flag | rapid outflow count 30d,"Why this account is risky: txn count 30d, typology available flag, rapid outflow count 30d."
ACC00009196,1.0,1,layering_mule,High Risk,1.0,"txn count 30d, typology available flag",txn count 30d | typology available flag | rapid outflow count 30d,"Why this account is risky: txn count 30d, typology available flag, rapid outflow count 30d."
ACC00009256,1.0,1,layering_mule,High Risk,1.0,"txn count 30d, typology available flag",txn count 30d | typology available flag | rapid outflow count 30d,"Why this account is risky: txn count 30d, typology available flag, rapid outflow count 30d."
ACC00009193,1.0,1,layering_mule,High Risk,1.0,"txn count 30d, typology available flag",txn count 30d | typology available flag | rapid outflow count 30d,"Why this account is risky: txn count 30d, typology available flag, rapid outflow count 30d."
ACC00006797,1.0,1,layering_mule,High Risk,1.0,"txn count 30d, typology available flag",txn count 30d | typology available flag | rapid outflow count 30d,"Why this account is risky: txn count 30d, typology available flag, rapid outflow count 30d."
ACC00006790,1.0,1,layering_mule,High Risk,1.0,"txn count 30d, typology available flag",txn count 30d | typology available flag | rapid outflow count 30d,"Why this account is risky: txn count 30d, typology available flag, rapid outflow count 30d."
ACC00003242,1.0,1,layering_mule,High Risk,1.0,"txn count 30d, typology available flag",txn count 30d | typology available flag | rapid outflow count 30d,"Why this account is risky: txn count 30d, typology available flag, rapid outflow count 30d."
ACC00004383,1.0,1,layering_mule,High Risk,1.0,"txn count 30d, typology available flag",txn count 30d | typology available flag | rapid outflow count 30d,"Why this account is risky: txn count 30d, typology available flag, rapid outflow count 30d."
ACC00003320,1.0,1,layering_mule,High Risk,1.0,"txn count 30d, typology available flag",txn count 30d | typology available flag | rapid outflow count 30d,"Why this account is risky: txn count 30d, typology available flag, rapid outflow count 30d."
ACC00006867,1.0,1,layering_mule,High Risk,1.0,"txn count 30d, typology available flag",txn count 30d | typology available flag | rapid outflow count 30d,"Why this account is risky: txn count 30d, typology available flag, rapid outflow count 30d."
ACC00003321,1.0,1,layering_mule,High Risk,1.0,"txn count 30d, typology available flag",txn count 30d | typology available flag | rapid outflow count 30d,"Why this account is risky: txn count 30d, typology available flag, rapid outflow count 30d."
ACC00000746,1.0,1,layering_mule,High Risk,1.0,"txn count 30d, typology available flag",txn count 30d | typology available flag | rapid outflow count 30d,"Why this account is risky: txn count 30d, typology available flag, rapid outflow count 30d."
ACC00009278,1.0,1,layering_mule,High Risk,1.0,"txn count 30d, typology available flag",txn count 30d | typology available flag | rapid outflow count 30d,"Why this account is risky: txn count 30d, typology available flag, rapid outflow count 30d."
ACC00001853,1.0,1,layering_mule,High Risk,1.0,"txn count 30d, typology available flag",txn count 30d | typology available flag | rapid outflow count 30d,"Why this account is risky: txn count 30d, typology available flag, rapid outflow count 30d."
ACC00004247,1.0,1,layering_mule,High Risk,1.0,"txn count 30d, typology available flag",txn count 30d | typology available flag | rapid outflow count 30d,"Why this account is risky: txn count 30d, typology available flag, rapid outflow count 30d."
ACC00009354,1.0,1,layering_mule,High Risk,1.0,"txn count 30d, typology available flag",txn count 30d | typology available flag | rapid outflow count 30d,"Why this account is risky: txn count 30d, typology available flag, rapid outflow count 30d."
ACC00004555,1.0,1,layering_mule,High Risk,1.0,"txn count 30d, typology available flag",txn count 30d | typology available flag | rapid outflow count 30d,"Why this account is risky: txn count 30d, typology available flag, rapid outflow count 30d."
ACC00003126,1.0,1,layering_mule,High Risk,1.0,"txn count 30d, typology available flag",txn count 30d | typology available flag | rapid outflow count 30d,"Why this account is risky: txn count 30d, typology available flag, rapid outflow count 30d."
ACC00009074,1.0,1,layering_mule,High Risk,1.0,"txn count 30d, typology available flag",txn count 30d | typology available flag | rapid outflow count 30d,"Why this account is risky: txn count 30d, typology available flag, rapid outflow count 30d."
ACC00000957,1.0,1,layering_mule,High Risk,1.0,"txn count 30d, typology available flag",txn count 30d | typology available flag | rapid outflow count 30d,"Why this account is risky: txn count 30d, typology available flag, rapid outflow count 30d."
ACC00005616,1.0,1,layering_mule,High Risk,1.0,"txn count 30d, typology available flag",txn count 30d | typology available flag | rapid outflow count 30d,"Why this account is risky: txn count 30d, typology available flag, rapid outflow count 30d."
ACC00009430,1.0,1,layering_mule,High Risk,1.0,"txn count 30d, typology available flag",txn count 30d | typology available flag | rapid outflow count 30d,"Why this account is risky: txn count 30d, typology available flag, rapid outflow count 30d."
ACC00009063,1.0,1,layering_mule,High Risk,1.0,"txn count 30d, typology available flag",txn count 30d | typology available flag | rapid outflow count 30d,"Why this account is risky: txn count 30d, typology available flag, rapid outflow count 30d."
ACC00006690,1.0,1,layering_mule,High Risk,1.0,"txn count 30d, typology available flag",txn count 30d | typology available flag | rapid outflow count 30d,"Why this account is risky: txn count 30d, typology available flag, rapid outflow count 30d."
ACC00003101,1.0,1,layering_mule,High Risk,1.0,"txn count 30d, typology available flag",txn count 30d | typology available flag | rapid outflow count 30d,"Why this account is risky: txn count 30d, typology available flag, rapid outflow count 30d."
ACC00005603,1.0,1,layering_mule,High Risk,1.0,"txn count 30d, typology available flag",txn count 30d | typology available flag | rapid outflow count 30d,"Why this account is risky: txn count 30d, typology available flag, rapid outflow count 30d."
ACC00007935,1.0,1,layering_mule,High Risk,1.0,"txn count 30d, typology available flag",txn count 30d | typology available flag | rapid outflow count 30d,"Why this account is risky: txn count 30d, typology available flag, rapid outflow count 30d."
ACC00009052,1.0,1,layering_mule,High Risk,1.0,"txn count 30d, typology available flag",txn count 30d | typology available flag | rapid outflow count 30d,"Why this account is risky: txn count 30d, typology available flag, rapid outflow count 30d."
ACC00009048,1.0,1,layering_mule,High Risk,1.0,"txn count 30d, typology available flag",txn count 30d | typology available flag | rapid outflow count 30d,"Why this account is risky: txn count 30d, typology available flag, rapid outflow count 30d."
ACC00000987,1.0,1,layering_mule,High Risk,1.0,"txn count 30d, typology available flag",txn count 30d | typology available flag | rapid outflow count 30d,"Why this account is risky: txn count 30d, typology available flag, rapid outflow count 30d."
ACC00000909,1.0,1,layering_mule,High Risk,1.0,"txn count 30d, typology available flag",txn count 30d | typology available flag | rapid outflow count 30d,"Why this account is risky: txn count 30d, typology available flag, rapid outflow count 30d."
ACC00005973,1.0,1,layering_mule,High Risk,1.0,"txn count 30d, typology available flag",txn count 30d | typology available flag | rapid outflow count 30d,"Why this account is risky: txn count 30d, typology available flag, rapid outflow count 30d."
ACC00008287,1.0,1,layering_mule,High Risk,1.0,"txn count 30d, typology available flag",txn count 30d | typology available flag | rapid outflow count 30d,"Why this account is risky: txn count 30d, typology available flag, rapid outflow count 30d."
ACC00007915,1.0,1,layering_mule,High Risk,1.0,"txn count 30d, typology available flag",txn count 30d | typology available flag | rapid outflow count 30d,"Why this account is risky: txn count 30d, typology available flag, rapid outflow count 30d."
ACC00000996,1.0,1,layering_mule,High Risk,1.0,"txn count 30d, typology available flag",txn count 30d | typology available flag | rapid outflow count 30d,"Why this account is risky: txn count 30d, typology available flag, rapid outflow count 30d."
ACC00002155,1.0,1,layering_mule,High Risk,1.0,"txn count 30d, typology available flag",txn count 30d | typology available flag | rapid outflow count 30d,"Why this account is risky: txn count 30d, typology available flag, rapid outflow count 30d."
ACC00002158,1.0,1,layering_mule,High Risk,1.0,"txn count 30d, typology available flag",txn count 30d | typology available flag | rapid outflow count 30d,"Why this account is risky: txn count 30d, typology available flag, rapid outflow count 30d."
ACC00008292,1.0,1,layering_mule,High Risk,1.0,"txn count 30d, typology available flag",txn count 30d | typology available flag | rapid outflow count 30d,"Why this account is risky: txn count 30d, typology available flag, rapid outflow count 30d."
ACC00005573,1.0,1,layering_mule,High Risk,1.0,"txn count 30d, typology available flag",txn count 30d | typology available flag | rapid outflow count 30d,"Why this account is risky: txn count 30d, typology available flag, rapid outflow count 30d."
ACC00007901,1.0,1,layering_mule,High Risk,1.0,"txn count 30d, typology available flag",txn count 30d | typology available flag | rapid outflow count 30d,"Why this account is risky: txn count 30d, typology available flag, rapid outflow count 30d."
ACC00003451,1.0,1,layering_mule,High Risk,1.0,"txn count 30d, typology available flag",txn count 30d | typology available flag | rapid outflow count 30d,"Why this account is risky: txn count 30d, typology available flag, rapid outflow count 30d."
ACC00002172,1.0,1,layering_mule,High Risk,1.0,"txn count 30d, typology available flag",txn count 30d | typology available flag | rapid outflow count 30d,"Why this account is risky: txn count 30d, typology available flag, rapid outflow count 30d."
ACC00004141,1.0,1,layering_mule,High Risk,1.0,"txn count 30d, typology available flag",txn count 30d | typology available flag | rapid outflow count 30d,"Why this account is risky: txn count 30d, typology available flag, rapid outflow count 30d."
ACC00007962,1.0,1,layering_mule,High Risk,1.0,"txn count 30d, typology available flag",txn count 30d | typology available flag | rapid outflow count 30d,"Why this account is risky: txn count 30d, typology available flag, rapid outflow count 30d."
ACC00005635,1.0,1,layering_mule,High Risk,1.0,"txn count 30d, typology available flag",txn count 30d | typology available flag | rapid outflow count 30d,"Why this account is risky: txn count 30d, typology available flag, rapid outflow count 30d."
ACC00009080,1.0,1,layering_mule,High Risk,1.0,"txn count 30d, typology available flag",txn count 30d | typology available flag | rapid outflow count 30d,"Why this account is risky: txn count 30d, typology available flag, rapid outflow count 30d."
ACC00008248,1.0,1,layering_mule,High Risk,1.0,"txn count 30d, typology available flag",txn count 30d | typology available flag | rapid outflow count 30d,"Why this account is risky: txn count 30d, typology available flag, rapid outflow count 30d."
ACC00006933,1.0,1,layering_mule,High Risk,1.0,"txn count 30d, typology available flag",txn count 30d | typology available flag | rapid outflow count 30d,"Why this account is risky: txn count 30d, typology available flag, rapid outflow count 30d."
ACC00006934,1.0,1,layering_mule,High Risk,1.0,"txn count 30d, typology available flag",txn count 30d | typology available flag | rapid outflow count 30d,"Why this account is risky: txn count 30d, typology available flag, rapid outflow count 30d."
ACC00008006,1.0,1,layering_mule,High Risk,1.0,"txn count 30d, typology available flag",txn count 30d | typology available flag | rapid outflow count 30d,"Why this account is risky: txn count 30d, typology available flag, rapid outflow count 30d."
ACC00006738,1.0,1,layering_mule,High Risk,1.0,"txn count 30d, typology available flag",txn count 30d | typology available flag | rapid outflow count 30d,"Why this account is risky: txn count 30d, typology available flag, rapid outflow count 30d."
ACC00009114,1.0,1,layering_mule,High Risk,1.0,"txn count 30d, typology available flag",txn count 30d | typology available flag | rapid outflow count 30d,"Why this account is risky: txn count 30d, typology available flag, rapid outflow count 30d."
ACC00005672,1.0,1,layering_mule,High Risk,1.0,"txn count 30d, typology available flag",txn count 30d | typology available flag | rapid outflow count 30d,"Why this account is risky: txn count 30d, typology available flag, rapid outflow count 30d."
ACC00003160,1.0,1,layering_mule,High Risk,1.0,"txn count 30d, typology available flag",txn count 30d | typology available flag | rapid outflow count 30d,"Why this account is risky: txn count 30d, typology available flag, rapid outflow count 30d."
ACC00007994,1.0,1,layering_mule,High Risk,1.0,"txn count 30d, typology available flag",txn count 30d | typology available flag | rapid outflow count 30d,"Why this account is risky: txn count 30d, typology available flag, rapid outflow count 30d."
ACC00001833,1.0,1,layering_mule,High Risk,1.0,"txn count 30d, typology available flag",txn count 30d | typology available flag | rapid outflow count 30d,"Why this account is risky: txn count 30d, typology available flag, rapid outflow count 30d."
ACC00004482,1.0,1,layering_mule,High Risk,1.0,"txn count 30d, typology available flag",txn count 30d | typology available flag | rapid outflow count 30d,"Why this account is risky: txn count 30d, typology available flag, rapid outflow count 30d."
ACC00004484,1.0,1,layering_mule,High Risk,1.0,"txn count 30d, typology available flag",txn count 30d | typology available flag | rapid outflow count 30d,"Why this account is risky: txn count 30d, typology available flag, rapid outflow count 30d."
ACC00008231,1.0,1,layering_mule,High Risk,1.0,"txn count 30d, typology available flag",txn count 30d | typology available flag | rapid outflow count 30d,"Why this account is risky: txn count 30d, typology available flag, rapid outflow count 30d."
ACC00004487,1.0,1,layering_mule,High Risk,1.0,"txn count 30d, typology available flag",txn count 30d | typology available flag | rapid outflow count 30d,"Why this account is risky: txn count 30d, typology available flag, rapid outflow count 30d."
ACC00001828,1.0,1,layering_mule,High Risk,1.0,"txn count 30d, typology available flag",txn count 30d | typology available flag | rapid outflow count 30d,"Why this account is risky: txn count 30d, typology available flag, rapid outflow count 30d."
ACC00006724,1.0,1,layering_mule,High Risk,1.0,"txn count 30d, typology available flag",txn count 30d | typology available flag | rapid outflow count 30d,"Why this account is risky: txn count 30d, typology available flag, rapid outflow count 30d."
ACC00005657,1.0,1,layering_mule,High Risk,1.0,"txn count 30d, typology available flag",txn count 30d | typology available flag | rapid outflow count 30d,"Why this account is risky: txn count 30d, typology available flag, rapid outflow count 30d."
ACC00000632,1.0,1,layering_mule,High Risk,1.0,"txn count 30d, typology available flag",txn count 30d | typology available flag | rapid outflow count 30d,"Why this account is risky: txn count 30d, typology available flag, rapid outflow count 30d."
ACC00005655,1.0,1,layering_mule,High Risk,1.0,"txn count 30d, typology available flag",txn count 30d | typology available flag | rapid outflow count 30d,"Why this account is risky: txn count 30d, typology available flag, rapid outflow count 30d."
ACC00003147,1.0,1,layering_mule,High Risk,1.0,"txn count 30d, typology available flag",txn count 30d | typology available flag | rapid outflow count 30d,"Why this account is risky: txn count 30d, typology available flag, rapid outflow count 30d."
ACC00004499,1.0,1,layering_mule,High Risk,1.0,"txn count 30d, typology available flag",txn count 30d | typology available flag | rapid outflow count 30d,"Why this account is risky: txn count 30d, typology available flag, rapid outflow count 30d."
ACC00005926,1.0,1,layering_mule,High Risk,1.0,"txn count 30d, typology available flag",txn count 30d | typology available flag | rapid outflow count 30d,"Why this account is risky: txn count 30d, typology available flag, rapid outflow count 30d."
ACC00006716,1.0,1,layering_mule,High Risk,1.0,"txn count 30d, typology available flag",txn count 30d | typology available flag | rapid outflow count 30d,"Why this account is risky: txn count 30d, typology available flag, rapid outflow count 30d."
ACC00005933,1.0,1,layering_mule,High Risk,1.0,"txn count 30d, typology available flag",txn count 30d | typology available flag | rapid outflow count 30d,"Why this account is risky: txn count 30d, typology available flag, rapid outflow count 30d."
ACC00002098,1.0,1,layering_mule,High Risk,1.0,"txn count 30d, typology available flag",txn count 30d | typology available flag | rapid outflow count 30d,"Why this account is risky: txn count 30d, typology available flag, rapid outflow count 30d."
ACC00005935,1.0,1,layering_mule,High Risk,1.0,"txn count 30d, typology available flag",txn count 30d | typology available flag | rapid outflow count 30d,"Why this account is risky: txn count 30d, typology available flag, rapid outflow count 30d."
ACC00009769,1.0,1,layering_mule,High Risk,1.0,"txn count 30d, typology available flag",txn count 30d | typology available flag | rapid outflow count 30d,"Why this account is risky: txn count 30d, typology available flag, rapid outflow count 30d."
ACC00001673,1.0,1,layering_mule,High Risk,1.0,"txn count 30d, typology available flag",txn count 30d | typology available flag | rapid outflow count 30d,"Why this account is risky: txn count 30d, typology available flag, rapid outflow count 30d."
ACC00009219,1.0,1,layering_mule,High Risk,1.0,"txn count 30d, typology available flag",txn count 30d | typology available flag | rapid outflow count 30d,"Why this account is risky: txn count 30d, typology available flag, rapid outflow count 30d."
ACC00008656,1.0,1,layering_mule,High Risk,1.0,"txn count 30d, typology available flag",txn count 30d | typology available flag | rapid outflow count 30d,"Why this account is risky: txn count 30d, typology available flag, rapid outflow count 30d."
ACC00009962,1.0,1,layering_mule,High Risk,1.0,"txn count 30d, typology available flag",txn count 30d | typology available flag | rapid outflow count 30d,"Why this account is risky: txn count 30d, typology available flag, rapid outflow count 30d."
ACC00006325,1.0,1,layering_mule,High Risk,1.0,"txn count 30d, typology available flag",txn count 30d | typology available flag | rapid outflow count 30d,"Why this account is risky: txn count 30d, typology available flag, rapid outflow count 30d."
ACC00002788,1.0,1,layering_mule,High Risk,1.0,"txn count 30d, typology available flag",txn count 30d | typology available flag | rapid outflow count 30d,"Why this account is risky: txn count 30d, typology available flag, rapid outflow count 30d."
ACC00007414,1.0,1,layering_mule,High Risk,1.0,"txn count 30d, typology available flag",txn count 30d | typology available flag | rapid outflow count 30d,"Why this account is risky: txn count 30d, typology available flag, rapid outflow count 30d."
ACC00008520,1.0,1,layering_mule,High Risk,1.0,"txn count 30d, typology available flag",txn count 30d | typology available flag | rapid outflow count 30d,"Why this account is risky: txn count 30d, typology available flag, rapid outflow count 30d."
ACC00009958,1.0,1,layering_mule,High Risk,1.0,"txn count 30d, typology available flag",txn count 30d | typology available flag | rapid outflow count 30d,"Why this account is risky: txn count 30d, typology available flag, rapid outflow count 30d."
ACC00002670,1.0,1,layering_mule,High Risk,1.0,"txn count 30d, typology available flag",txn count 30d | typology available flag | rapid outflow count 30d,"Why this account is risky: txn count 30d, typology available flag, rapid outflow count 30d."
ACC00002671,1.0,1,layering_mule,High Risk,1.0,"txn count 30d, typology available flag",txn count 30d | typology available flag | rapid outflow count 30d,"Why this account is risky: txn count 30d, typology available flag, rapid outflow count 30d."
ACC00001436,1.0,1,layering_mule,High Risk,1.0,"txn count 30d, typology available flag",txn count 30d | typology available flag | rapid outflow count 30d,"Why this account is risky: txn count 30d, typology available flag, rapid outflow count 30d."
ACC00008601,1.0,1,layering_mule,High Risk,1.0,"txn count 30d, typology available flag",txn count 30d | typology available flag | rapid outflow count 30d,"Why this account is risky: txn count 30d, typology available flag, rapid outflow count 30d."
